country,sahoStatusEHA,dayNum,BXKLTDINVWDGDZS,BXTRFPWKRCDDT,CMMKTLCAPGDZS,DTODAODATGNZS,DTTDSDECTEXZS,EGEGYPRIMPPKD,EGELCACCSRUZS,ENATMPM25MCM3,FBCBKBRCHP5,ICREGDURS,ICTAXTOTLCPZS,IPJRNARTCSC,ISAIRPSGR,ITCELSETSP2,ITNETUSERZS,MSMILTOTLP1,MSMILXPNDGDZS,NEEXPGNFSZS,NEIMPGNFSZS,NVAGREMPLKD,NYGDPMKTPKDZG,NYGDPTOTLRTZS,NYGNPPCAPCD,SEPRMCMPTZS,SEXPDTOTLGDZS,SGGENPARLZS,SHDYNMORT,SHHIVINCDZS,SHSTASMSSZS,SIPOVDDAY,SIPOVGINI,SIPOVNAHC,SISPRPCAP,SLGDPPCAPEMKD,SLTLFCACTFMZS,SLTLFCACTZS,SMPOPREFG,SPPOPGROW,STINTRCPTXPZS,TGVALTOTLGDZS,TTPRIMRCHXDWD,WespEconType,WespFuelExp,WespHvyIndbt,WespIncomeCat,WespLandLckdDev,WespLstDev,WespRegion,WespSmlsDev,allhouse,armedConflict,casesMD,christCountry,christPct,ciaAirports,ciaArea,ciaBirthRate,ciaBroadbandFixedSubs,ciaBudgetSurplusDeficit,ciaCarbDioxEmsCons,ciaChildUnder5Underwt,ciaCrudeOilExports,ciaCrudeOilImports,ciaCrudeOilProduction,ciaCrudeOilProvedReserves,ciaCurrentAcctBalance,ciaDeathRate,ciaDebtExternal,ciaEducationExpenditures,ciaElectyConsump,ciaElectyExports,ciaElectyFossilFuels,ciaElectyHydroPlants,ciaElectyImports,ciaElectyInstallGenCap,ciaElectyNukeFuels,ciaElectyOthRenew,ciaElectyProduction,ciaExports,ciaFields,ciaGDPPerCapitaPPP,ciaGDPRealGrowthRate,ciaGrossNationalSaving,ciaHivAidsDeaths,ciaImports,ciaIndustProdGrowthRate,ciaInfantMortalityRate,ciaInflationRateConsPrices,ciaInternetUsers,ciaLaborForce,ciaLifeExpectancyAtBirth,ciaMaternalMortalityRate,ciaMedianAge,ciaMerchantMarine,ciaMilitaryExpends,ciaNatGasConsum,ciaNatGasExpts,ciaNatGasImpts,ciaNatGasProd,ciaNatGasProvResvs,ciaNetMigrationRate,ciaObesityAdultPrevRate,ciaPeopleWithHivAids,ciaPhonesFixed,ciaPhonesMobile,ciaPopGrowRate,ciaPopulation,ciaPublicDebt,ciaRailways,ciaRefPetrolProdExports,ciaRefPetrolProdsImports,ciaRefdPetrolProdsConsump,ciaRefinedPetrolProductsProd,ciaReservesForeignExchangeGold,ciaRoadways,ciaTaxesOtherRevenues,ciaTotalFertilityRate,ciaUnemploymentRate,ciaUnemploymentYouth1524,ciaWaterways,colLeg_n2,comDis,creditChegxin,creditDBRS,creditDagong,creditFitch,creditJCR,creditMoodys,creditSP,creditScope,cumCasesLag1,cumCasesLag1P100KC,cumDeathsLag1,cumDeathsLag1P100KC,deathsMD,ebolaCasesDum,ebolaCasesN,ecoeff,ecoleg,effect,eiec,elect2020,elect2020postponed,envMort,execnat,execrel,execrlc,exelec,firstCase,firstDeath,fraud,gdpPerCap,gdpPerCapLn,geoDiff,govEffInd,govHlthSpd,hapCorrupt,hapFreedom,hapGenerosity,hapLadder,hapSocSup,hlthRisks,hlthWork,idaEligible,ihr01,ihr02,ihr03,ihr04,ihr05,ihr06,ihr07,ihr08,ihr09,ihr10,ihr11,ihr12,ihr13,ihrTotal,inflation,kidMort,legelec,legit,liec,matMort,medDocsN,medDocsPC,military,muslimCountry,muslimPct,nNeighbors,netMigration,netOilProd,newCases,newDeaths,nonComDis,oppmajh,oppmajs,percent1,poleff,polity,polleg,popDen,population,prepStatus,prevAdopt,prtyin,regEff,regTypeFH_n,roadInj,seceff,secleg,sexHlth,sfi,soceff,socleg,state,subAbuse,svcCovInd,system,tempDiff66,tempDiffS,tempDiffSunfitted,tobCont,urbanPop,vacCov,yrcurnt,yrsoffc
Algeria,saho,53,0.807691666,1792000000,0.211748365,0.084205889,0.511901699,4.132702365,100,38.8840107,5.224239549,18,66.1,5231.44,6748653,109.356,59.5797,317000,6.009523489,22.79435881,29.23199679,19509.32524,0.8,19.02332624,4010,101.3646317,,25.75757576,23.3,0.09,17.68747717,,,,,45616.83833,21.64708289,41.15000153,98599,1.933950191,0.457791432,0.0000454483,216.3094282,Developing,1,0,UpMid,0,0,nAfrica,0,1,twenty,0.001914495,0,0.2,149,2381740,20,3067022,-9.6,135900000,3,756400,5340,1259000,12200000000,-22100000000,5.63,6260000000,,55960000000,641000000,96,1,257000000,19270000,0,2,66890000000,34370000000,,4114.7,1.4,37.8,,48540000000,0.6,14.65,1.9,24819531,10859000,77.55,112,28.9,114,6,41280000000,53880000000,0,93500000000,4504000000000,2.06,27.4,22000,4558502,46287629,1.17,42972878,27.5,3973,578800,82930,405000,627900,97890000000,104000,32.3,1.96,11.7,39.3,,2/France,61,N/A,N/A,BBB-,N/A,N/A,N/A,N/A,N/A,139,0.31698221,15,0.034206711,0.0002066,0,0,1,3,3,6,0,0,40.33,1,0,3,0,27,43,1,4055,8.3077059,66.666664,-0.4,65.95469117,0.735485137,0.466610909,-0.121105164,5.005099773,0.803385139,80,,0,100,90,80,80,60,80,80,53,93,60,60,100,100,80,4.27,20.43,1,8,7,112,72604,17.193,0,1,97.9,6,-50002,prod,62,2,14.2,0,-999,81.53,1,2,3,17.348,43851043,4,0.185185185,18,2/Muslim,0/notFree,,1,1,77.2,11,0,1,1,0.95,78,0,2809,2.645751311,3.464101615,18.8,73.2,0.007,2,18
Angola,saho,57,-4.614588242,3445473.468,,0.170491571,26.78743724,3.605959068,3.815070299,32.38850491,9.448013498,36,49.1,30.12,1436959,46.5986,14.3391,117000,1.644661129,40.55687107,28.293414,1216.210609,-0.624644318,26.76820695,2960,,,30,74.7,1.45,,51.8,51.3,32.3,,17318.3661,96.48093425,77.49299622,25793,3.242982603,1.345771733,0.0000550049,176.4906107,Developing,1,0,LowMid,0,1,sAfrica,0,1,twenty,0.0003125,1,90.5,102,1246700,42.7,109561,-6.7,20950000,19,1782000,0,1593000,9523000000,-1254000000,8.24,42080000000,3.4,9036000000,0,34,64,0,2613000,0,2,10200000000,33070000000,,3437.3,-1.2,28.6,13000,19500000000,2.5,60.58,17.2,4353033,12510000,61.71,241,15.9,54,1.6,821200000,3993000000,0,3115000000,308100000000,-0.2,8.2,340000,122566,14645106,3.38,32522339,65,2852,30340,111600,130000,53480,17290000000,26000,29.3,5.9,6.6,39.4,1300,3/neither,351,N/A,N/A,BB-,CCC,N/A,Caa1,CCC+,N/A,2,0.006085266,0,0,0,0,0,2,3,7,2,0,0,67.25,1,0,3,0,52,60,0,4272,8.3598375,0,-1.1,46.27865255,,,,,,63,,0,47,90,80,40,67,100,60,73,53,80,30,40,60,63,17.1,51.87,1,9,6,241,6400,2.146,0,0,0.2,4,32066,prod,1,0,16.5,0,-999,49.57,1,-2,1,23.89,32866268,3,0.314814815,42,1/Africa,0/notFree,23.6,2,2,24.2,16,2,3,1,6.94,40,0,3249,1.732050808,2.828427125,,66.2,1.47,0,38
Benin,open,99,1.599587602,205102147,,4.042757363,5.852233874,9.07481537,18.33402761,38.99995876,3.944042107,8.5,48.9,227.74,899,87.702,20,12250,0.652801729,29.63052719,34.05080512,2186.916007,6.865687335,2.369257116,1250,64.43959808,2.933969975,7.228915663,90.3,0.52,,49.6,47.8,38.5,2.71,8209.467614,94.2794857,70.86799622,1238,2.715105359,4.827523821,0.000051971,131.3596149,Developing,0,1,Low,0,1,wAfrica,0,-999,none,0.1123348,1,53,6,112622,42.1,27034,-6.2,5664000,16.8,0,0,0,8000000,-1024000000,3.75,2804000000,2.9,1143000000,0,88,9,1088000000,321000,0,2,335000000,3056000000,,906.5,6.5,17.3,2300,5458000000,3,10.79,-0.8,2403596,3662000,78.14,397,17,6,,0,0,0,0,1133000000,2.22,9.6,75000,37305,10905559,1.48,12864634,54.6,438,1514,38040,38000,0,698900000,16000,17.1,1.75,1,5.6,150,2/France,55,N/A,N/A,N/A,N/A,N/A,N/A,N/A,N/A,102,0.84136218,2,0.016497297,0.002202643,0,0,3,2,6,7,0,0,119.1,0,0,0,0,50,68,0,826,6.7165947,75,-0.6,29.9844712,0.740532577,0.735182583,-0.003537213,5.21600008,0.468671143,35,,1,33,60,20,40,60,50,60,27,27,40,0,20,20,35,-0.9,60.41,0,4,7,397,908,0.791,0,0,23.8,4,-10000,minCons,38,0,19.6,0,-999,24.73,1,7,0,99.11,12123198,2,0.740740741,-999,1/Africa,2/free,27.5,0,0,,10,2,2,2,2.81,40,0,1089,6.244997998,5.830951895,7.2,47.9,4.95,4,1
Botswana,open,47,1.422688625,50097077.95,,0.482873972,3.173296276,3.351028055,27.88261115,23.09438618,9.291821783,48,25.1,280.57,299351.994,173.811,47,9000,2.770202921,33.58767709,40.52308193,1696.715283,2.966125648,1.217888846,7650,,,10.76923077,41.6,8.23,,14.5,53.3,,7.97,46299.25037,85.01521206,70.81999969,1113,2.175290909,7.836655578,0.0000643222,83.91428997,Developing,0,0,UpMid,1,0,sAfrica,0,1,none,0,1,72.1,74,581730,20.9,40044,-1,6235000,,0,0,0,0,2146000000,9.2,2187000000,,3636000000,0,100,0,1673000000,735000,0,0,2527000000,5934000000,,8258.2,4.5,40.3,5000,5005000000,-4.2,26.8,2.7,1057079,1177000,64.8,144,25.7,,2.8,0,0,0,0,0,2.9,18.9,380000,139735,3968526,1.48,2317233,14,888,0,21090,21000,0,7491000000,31747,30.5,2.45,20,36,,1/Britain,253,N/A,N/A,A,N/A,N/A,A2,BBB+,N/A,0,0,0,0,0,0,0,1,0,1,6,0,0,52.99,0,0,1,0,62,63,0,7595,8.9352455,0,0.3,75.65959692,0.777930915,0.821328104,-0.250394493,3.478899956,0.779121757,30,,0,40,20,20,40,67,40,20,20,47,20,0,20,40,30,2.8,32.3,0,2,7,144,1138,5.269,0,0,0.4,4,14999,minCons,0,0,20.3,0,-999,-999,0,8,1,4.044,2351625,2,0.037037037,51,1/Africa,2/free,23.8,0,0,,3,0,1,1,6.59,61,2,2209,3.605551275,4.242640687,23.7,70.2,6.78,2,9
BurkFas,saho,51,1.300436385,476154362.9,,7.222532507,3.030131533,6.03244507,,42.93559251,3.077681481,13,41.3,251.99,203296.2421,100.212,16,11200,2.429948399,25.36905713,31.35620316,1886.155028,5.699434934,14.17054324,780,64.54945374,5.383790016,13.38582677,87.5,0.19,,,,41.4,,6323.509559,77.92478746,66.43000031,25869,2.844222553,4.609819685,0.0000539122,138.8304461,Developing,0,1,Low,1,0,wAfrica,0,1,none,0.020295203,0,22.5,23,274200,35.1,13818,-7.9,3421000,17.7,0,0,0,0,-1019000000,8.2,3056000000,5.4,1551000000,0,80,9,630000000,342400,0,12,990000000,3902000000,,820.2,6.8,9.3,3100,5294000000,10.4,52,-3.2,3158834,8501000,62.7,320,17.9,,2.4,0,0,0,0,0,-0.6,5.6,100000,75066,20330657,2.66,20835401,38.1,622,0,23580,23000,0,49000000,15304,21.2,4.51,77,8.7,,2/France,47,N/A,N/A,N/A,N/A,N/A,N/A,B,N/A,33,0.15786998,1,0.004783939,0.000615006,0,0,3,3,9,7,1,1,92.71,0,0,2,0,41,49,1,642,6.4645882,0,-0.6,43.301934,0.739795029,0.665563583,-0.019080516,4.768700123,0.712943614,44,,1,67,40,40,20,53,70,80,33,40,40,30,20,40,44,-3.2,55.3,0,7,7,320,1626,0.847,1,1,61.6,6,-125000,neither,7,0,21.7,0,0,53.5,3,6,0,70.151,20903278,2,0.111111111,2,1/Africa,1/partFree,30.5,0,1,45,16,3,3,,12.03,40,0,2601,3,3.741657387,16,30,5.76,2,2
Burundi,open,20,0.034689387,48328632,,14.78228853,9.710181706,7.722184375,3.435183756,38.89626795,3.222708042,5,41.2,21.12,,57.6156,2.66075,51050,1.765131006,9.131191569,32.72616867,183.8515385,1.842476677,11.21425337,280,59.37641907,5.078649998,36.36363636,56.5,0.2,,,,,,1764.444626,103.3603591,79.15399933,78465,3.128967114,1.367914796,0.000035421,147.3396173,Developing,0,1,Low,1,1,eAfrica,0,1,war,0,1,91.5,7,27830,36.5,3935,-5.7,217000,27.2,0,0,0,0,-418000000,12.96,610900000,5.1,382700000,0,14,73,100000000,68000,0,14,304000000,279000000,,294,0.1,-5.3,1800,1040000000,-2,3.31,-0.6,298684,5012000,74.01,548,17.7,,1.8,0,0,0,0,0,0.72,5.4,85000,20758,6644833,-0.29,11865821,51.7,,0,1374,1500,0,97400000,12322,15.8,1.51,,2.9,,3/neither,107,N/A,N/A,N/A,N/A,N/A,N/A,N/A,N/A,0,0,0,0,0,0,0,4,2,12,7,1,1,100.2,1,0,0,0,62,76,0,290,5.6698809,0,-1.4,24.71392751,0.606934547,0.626350224,-0.017551597,3.775300026,0.490325719,48,,1,33,50,60,40,60,70,60,30,40,40,40,40,60,48,-0.7,41.17,0,9,7,548,1084,1.001,0,0,2.8,3,10003,neither,0,0,22.9,0,0,73.91,3,-1,3,423.062,11890781,2,0,-999,1/Africa,0/notFree,34.7,2,2,39.3,21,3,2,1,7.19,42,0,400,6.32455532,6.708203932,12.6,13.4,9.05,3,12
CAR,saho,99,1.153045645,,,27.47088199,,8.103724765,16.31860095,56.82849738,0.707526311,22,73.3,20.47,,32.2513,4.33925,10150,1.498322557,18.65532802,47.47980242,409.7475655,2.970275648,9.068494277,520,40.8741684,,8.571428571,110.1,2,,,,,,2431.006797,80.77617536,71.95500183,7170,1.674745212,,0.0000346799,78.02545759,Developing,0,1,Low,1,1,cAfrica,0,-999,war,0.29012346,1,89.5,39,622984,33.2,608,-0.9,413800,20.8,0,0,0,0,-163000000,12.3,779900000,1.2,159400000,0,50,50,0,38300,0,1,171400000,113700000,,480.7,4.3,5.4,3800,393100000,3.9,80.6,2.7,249336,2242000,54.2,829,20,,1.5,0,0,0,0,0,0,7.5,100000,2934,1892114,2.09,5990855,52.9,,0,2799,2800,0,304300000,24000,14.6,4.14,6.9,,2800,2/France,540,N/A,N/A,N/A,N/A,N/A,N/A,N/A,N/A,94,1.9462649,0,0,0,0,0,4,3,12,7,1,1,141.3,-999,-999,-999,-999,46,115,0,427,6.0567842,83.333336,-1.7,12.82263398,0.891806662,0.640880644,0.082410358,3.475899935,0.319459856,17,,1,0,20,20,0,40,40,0,20,20,0,20,20,20,17,3,83.44,-999,11,7,829,324,0.721,0,0,8.5,6,-200000,neither,0,0,23.1,-999,-999,19.05,3,6,2,7.479,4829764,1,0.740740741,-999,1/Africa,0/notFree,33.6,2,3,,23,3,3,0,2.38,33,0,1089,6.244997998,5.830951895,,41.8,8.52,4,1
Cameroon,open,110,2.003817312,333554496,,3.0672008,14.11332198,4.777529662,23.03357378,72.79309622,2.198234127,13.5,57.7,875.62,198881.213,81.7553,23.203,34400,1.096663762,20.21468715,24.65303408,1151.820425,3.720711422,6.20460584,1500,65.49803925,3.131200075,31.11111111,74.8,1.1,,,,35,,8597.492952,87.6794119,76.07299805,406259,2.584247107,8.669952379,0.0000258797,153.92527,Developing,1,1,LowMid,0,0,cAfrica,0,1,war,1.7871878,1,70.3,33,475440,36.3,17987,-3.4,7672000,11,96370,36480,69000,200000000,-932000000,7.93,9375000000,3.1,6411000000,0,52,47,55000000,1558000,0,1,8108000000,4732000000,,1534.5,4.1,25.5,14000,4812000000,3.3,50.09,2.4,6089200,9912000,62.79,529,18.5,61,,906100000,0,0,910400000,135100000000,-0.32,11.4,510000,966035,22062303,2.77,27744989,36.9,987,8545,14090,45000,39080,3235000000,77589,15.3,4.61,4.3,6.3,,3/neither,179,N/A,N/A,N/A,B,N/A,B2,B-,N/A,3292,12.401178,140,0.52738911,0.076004341,0,0,2,2,7,6,0,0,117.6,0,0,0,0,37,56,1,1451,7.2800083,100,-0.8,13.31757605,0.851336598,0.763051808,-0.00149645,5.084899902,0.700386405,42,,1,27,50,80,40,47,60,60,33,33,20,30,20,40,42,2.5,51.59,0,9,6,529,1842,0.881,0,0,18.3,6,-24000,neither,0,0,21.6,0,-999,77.99,2,-4,3,50.885,26545864,3,0.759259259,51,1/Africa,0/notFree,30.1,1,2,,16,2,2,0,5.65,46,0,484,7.071067812,6.708203932,9.3,57,2.9,1,35
CapeVerde,saho,62,5.313323618,235867714.2,,4.331378175,5.911873926,2.772725823,96.90005836,34.7787001,32.00260085,9,37.5,8.69,675482,108.318,58.1714,1200,0.486092073,50.86442619,65.35010239,4295.049756,5.66775246,0.379099981,3630,87.29020691,5.181749821,20,14.9,0.29,,3.4,42.4,,,18883.40939,78.95967678,60.45500183,,1.127924314,54.4115619,0.000043293,109.7835608,Developing,0,0,LowMid,0,0,wAfrica,1,0,none,0.012195121,1,89.1,9,4033,19.1,15657,-3,867800,,0,0,0,0,-109000000,5.84,1713000000,5.2,367400000,0,79,0,0,162500,0,21,395000000,189000000,,3635.4,5.1,32.4,,836100000,2.9,24.1,1.1,330623,196100,73.47,58,26.8,43,,0,0,0,0,0,-0.58,11.8,2500,60233,623749,1.24,583255,125.8,,0,5607,5600,0,617400000,1350,27.8,2.14,9,27.8,,3/neither,46,N/A,N/A,N/A,B-,N/A,N/A,B,N/A,5,0.89929998,1,0.17986,0.002439024,0,0,2,1,3,7,0,0,68.57,1,0,2,0,51,55,0,3244,8.0845623,0,0.3,60.2447331,,,,,,48,,1,60,40,40,80,67,60,40,40,53,40,40,40,20,48,1.1,13.56,0,2,7,58,410,7.814,0,0,0.1,0,-6709,minCons,1,0,17.2,0,-999,74.01,0,10,0,135.58,555988,2,0.5,6,1/Africa,2/free,25,0,0,,5,1,1,1,5.6,69,0,3844,1.414213562,1.732050808,,66.2,8.97,4,6
Chad,open,60,5.007877928,,,7.904276541,,2.78131878,2.745510595,66.0292055,1.000159899,58,63.5,15.45,,48.0648,6.5,32850,2.17578021,36.74225344,37.82827212,1536.503488,3.247181917,23.95442915,700,40.56021881,2.454819918,14.88095238,113.8,0.5,,,,42.3,,4282.449147,82.45838351,70.6989975,442670,2.985937461,,0.0000413877,159.3552277,Developing,1,1,Low,1,1,cAfrica,0,1,twenty,0.007680492,0,40.6,59,1284000,41.7,334,-1.5,342200,29.4,70440,0,132000,1500000000,-558000000,8.15,1724000000,2.5,208600000,0,98,0,0,48200,0,3,224300000,2464000000,,735.7,2.4,15.5,3200,2160000000,-4,62.63,-0.9,1029153,5654000,61.43,1140,16.1,,2.2,0,0,0,0,0,-0.78,6.1,120000,6540,7857758,3.16,16877357,52.5,,0,2285,2300,0,22900000,40000,13.5,5.7,,,,2/France,142,N/A,N/A,N/A,N/A,N/A,N/A,N/A,N/A,5,0.030439809,0,0,0,0,0,3,3,10,7,0,0,180.9,0,0,0,0,50,90,0,719,6.5778613,33.333332,-1.4,15.80557227,0.802760839,0.587305248,0.017834719,4.422699928,0.632388055,30,,1,27,30,40,20,33,70,40,27,27,20,20,20,20,30,-1,70.84,0,9,6,1140,651,0.434,1,1,55.3,6,10000,prod,0,0,23.9,0,0,59.92,3,-2,1,11.833,16425859,2,0.425925926,27,2/Muslim,0/notFree,27.6,1,2,17.5,19,3,3,0,1.37,28,0,3600,0,2.236067977,11.8,23.3,3.26,1,27
Comoros,open,27,0.6741569,135189373.3,,7.30501202,3.100086839,4.691372991,76.98634742,20.5468246,3.677836967,16,219.6,3.28,,67.6022,8.47817,,,12.80956693,29.26610026,2901.799122,1.986109517,1.390080811,1400,76.72007751,2.545059919,6.060606061,62.9,0.01,,,,,,12170.49852,73.24550127,43.28099823,,2.205877437,50.43511597,0.0000234166,80.65635555,Developing,0,1,Low,0,1,eAfrica,1,,none,0,0,0.5,4,2235,23.6,1531,-6.5,193600,16.9,0,0,0,0,-27000000,8.26,199800000,2.5,39060000,0,96,4,0,27000,0,0,42000000,161000000,,1400.5,3,17.3,,471000000,1,11.15,1,69635,278500,76.31,273,20.9,244,,0,0,0,0,0,-0.43,7.8,,9840,563722,0.26,846281,32.4,,0,1241,1300,0,208000000,880,25.3,1.6,6.5,19.5,,2/France,35,N/A,N/A,N/A,N/A,N/A,N/A,N/A,N/A,0,0,0,0,0,0,0,3,3,7,7,0,0,93.66,0,0,0,0,93,96,0,1329,7.1921821,0,-1.6,12.74803281,0.780622602,0.547612607,0.090008408,4.288599968,0.625662446,27,,1,27,20,60,60,27,40,20,33,0,40,10,20,0,27,-4.3,49.68,0,5,7,273,216,2.715,0,1,98.3,0,-10000,neither,0,0,22.9,0,-999,15.1,2,-3,0,437.352,869595,1,0,1,2/Muslim,1/partFree,26.5,0,0,,12,2,2,1,0.69,52,0,729,5.744562647,6.164414003,19.5,29.2,8.26,4,1
Congo,open,40,27.43928774,7704784.23,,1.256434932,6.464209907,4.01614201,20.1895811,46.63822028,4.044408959,49.5,54.3,66.68,541787.1369,95.3405,8.65,12000,2.662898759,69.08843007,53.1609995,1049.601968,-3.544130306,54.91635612,1720,,3.511049986,11.25827815,47.8,2.5,,,,,,9993.375849,94.58792392,69.44799805,25668,2.562900803,0.933339393,0.0000838972,188.8520534,Developing,1,1,LowMid,0,0,cAfrica,0,0,twenty,0,1,88.5,27,342000,32.6,,-7,5239000,12.3,254100,0,340000,1600000000,-1128000000,12.01,4605000000,3.5,912000000,22000000,64,36,18000000,591500,0,0,1696000000,4193000000,,2702.6,1,19.5,4500,2501000000,-3,84.22,2.2,437865,2055000,55.07,378,19.5,11,2.7,1387000000,0,0,1387000000,90610000000,-3.28,9.6,100000,17076,4933529,1.79,5293070,130.8,510,5766,7162,17000,15760,505700000,23324,22.5,4.09,36,,1120,3/neither,373,N/A,N/A,N/A,N/A,N/A,Caa1,B-,N/A,0,0,0,0,0,0,0,2,2,5,7,0,0,72.8,0,0,3,0,46,62,0,2146,7.671361,0,-1.2,40.73575437,0.751779079,0.719058514,-0.123674095,5.194399834,0.640228093,33,,1,33,60,20,40,20,50,60,20,20,40,20,20,20,33,2.2,35.73,1,8,7,378,723,1.645,1,0,1.2,5,-20000,prod,0,0,16.7,0,0,60.19,2,-4,2,15.405,5518092,3,0.018518519,20,1/Africa,0/notFree,27.4,0,2,38.5,13,1,2,1,9.27,39,0,1600,4.472135955,5,16.1,67.4,2.26,6,20
CotIv,open,95,1.72312037,338023577.2,,1.708859427,12.34869858,7.235900982,32.9375264,25.88626634,5.017024526,19.5,50.1,248.14,748540,145.341,36.4538,27000,1.139994222,23.77627756,22.62463689,2594.360053,6.231709513,2.641433891,2290,78.75084686,3.256030083,10.98039216,79.3,0.8,,29.8,41.5,39.5,,16241.41921,73.47726705,56.95299911,2020,2.549336239,3.951513981,0.000039435,155.3118785,Developing,0,1,LowMid,0,0,wAfrica,0,0,twenty,0.25992367,0,44.1,27,322463,29.1,175918,-4.2,11540000,12.8,26700,62350,52000,100000000,-1860000000,7.9,13070000000,3.3,6245000000,872000000,60,40,19000000,1914000,0,0,9730000000,16326000000,,1716.4,7.4,15.9,13000,14248000000,4.2,59.1,-1.1,12295204,8747000,61.3,617,20.3,25,,2322000000,0,0,2322000000,28320000000,1.2,10.3,430000,284799,39049743,2.26,27481086,47,660,31450,7405,51000,69360,6257000000,81996,19.1,3.67,9.4,5.5,980,2/France,137,N/A,N/A,N/A,B+,N/A,N/A,N/A,N/A,1362,5.1633401,15,0.056864977,0.002862596,0,0,3,2,7,6,1,1,143.7,0,0,0,0,42,60,0,1566,7.3562799,80,-0.6,28.46020162,0.790771961,0.727909327,-0.043991156,5.233300209,0.658048689,44,,1,33,20,60,20,73,30,80,33,27,20,30,100,40,44,-1.1,,0,9,7,617,5240,2.314,0,0,37.5,5,-40000,neither,36,2,29.1,0,-999,83.7,2,4,2,76.399,26378275,3,0.722222222,7,2/Muslim,1/partFree,23.6,0,2,31.1,16,2,3,1,2.71,47,0,1369,5.916079783,5.477225575,13,51.2,3.92,3,7
DemRepCongo,open,43,2.680504415,2076317928,,5.509979408,8.392294713,20.937,,44.9092636,1.029095135,7,50.7,148.72,550457.8926,42.7733,8.6199,134250,0.6738169,30.10525163,33.06858918,333.7475913,4.384528881,25.51925095,530,69.91117096,1.454949975,10,84.8,0.31,,,,,,3345.659887,91.64063124,63.4620018,523733,3.187086302,0.376205306,0.0000257933,132.3246801,Developing,0,1,Low,0,1,eAfrica,0,-999,war,0.000342936,1,95.8,198,2344858,41,4620,-0.9,3146000,23.4,20000,0,17000,180000000,-200000000,8.55,4963000000,1.5,7430000000,422000000,2,98,20000000,2587000,0,0,9046000000,21160000000,,560.8,5.8,11.5,15000,19500000000,1.6,49.28,41.5,8231357,20692000,61.69,473,16.7,21,,0,0,0,0,991100000,0,6.7,520000,0,42166976,2.36,101780263,18.1,4007,0,21140,21000,0,457500000,152373,11.2,4.41,,8.7,15000,3/neither,320,N/A,N/A,CCC,CCC,N/A,Caa1,CCC+,N/A,2,0.002233105,0,0,0,1,3639,4,3,13,7,0,0,100.7,0,0,0,0,41,52,0,462,6.1355648,11.111111,-1.6,9.949006885,0.809403598,0.700793564,0.083637655,4.31099987,0.672159016,35,,1,27,60,60,20,40,40,60,33,27,20,30,20,20,35,2.9,67.89,0,11,7,473,5832,0.74,1,0,1.5,9,119303,neither,0,0,19.4,0,0,45.95,3,-3,3,35.879,89561404,3,0.018518519,-999,1/Africa,0/notFree,33.7,3,3,,24,3,2,,2,41,0,1849,4.123105626,4.69041576,,4.6,5.14,0,17
Djibouti,saho,53,5.471669543,58969164,,5.695110085,1.523660205,3.411896622,23.83282992,45.5496176,9.430786731,14,37.9,6.16,,41.1959,55.6814,13450,,149.1784929,139.0382049,,7.770497257,0.263159722,3310,66.38028717,3.627739906,26.15384615,57.5,0.16,36.44043818,17,41.6,21.1,,14466.77392,73.71496572,60.24300003,19639,1.515180502,1.249379013,0.000227063,99.7828001,Developing,0,0,LowMid,0,1,eAfrica,0,1,twenty,0.004975124,0,2.3,13,23200,22.7,25508,-9,950200,29.9,0,0,0,0,-280000000,7.17,1954000000,3.6,377100000,0,100,0,0,130300,0,0,405500000,139900000,,3048.6,5.6,22.3,,726400000,2.7,47.78,0.7,492221,294600,65,248,24.9,18,,0,0,0,0,0,4.81,13.5,6800,34671,371992,2.01,921804,31.8,97,403,6692,6360,0,547700000,2893,35.3,2.17,40,,,2/France,234,N/A,N/A,N/A,N/A,N/A,N/A,N/A,N/A,1,0.10121437,0,0,0,0,0,2,3,5,6,0,0,98.98,0,0,0,0,49,71,0,1927,7.5637197,0,-0.9,47.04878628,,,,,,32,,1,27,50,40,40,33,60,20,20,33,20,30,40,0,32,3.3,49.8,0,7,6,248,201,2.237,0,1,96.9,2,4501,minCons,0,0,19.6,0,-999,87.07,1,3,0,41.285,988002,2,0.185185185,37,2/Muslim,0/notFree,,0,1,,12,2,3,1,0.43,47,0,2809,2.645751311,3.464101615,,77.9,9.14,4,18
Egypt,open,22,2.97272525,26781400000,14.58296913,0.847763698,16.09796714,3.51107011,100,86.99945205,6.643889152,12.5,44.4,13326.67,12959679.65,94.9717,57.2829,835500,1.180453002,17.49995303,25.76517671,5852.993628,5.557683888,6.91132839,2690,104.6092987,,14.93288591,20.3,0.09,60.74052792,3.8,31.5,32.5,5.06,42923.8269,30.95345626,46.4129982,258391,1.976284348,24.61085109,0.0000329642,152.0270581,Developing,0,0,LowMid,0,0,nAfrica,0,0,war,0.0000224709,0,5.1,83,1001450,27.2,6579762,-8.6,232700000,7,246500,64760,639000,4400000000,-8915000000,4.36,77470000000,,159700000000,1158000000,91,6,54000000,45120000,0,2,183500000000,87891000000,,2537.5,5.3,9,,115345000000,3.5,18.25,9.3,46644728,24113000,74.01,37,24.1,402,1.2,57710000000,212400000,7079000000,50860000000,2186000000000,-0.34,32,26000,8885103,96657295,2.17,104124440,103,5085,47360,280200,878000,547500,35890000000,65050,17.9,3.23,7.86,29.6,3500,1/Britain,12,N/A,N/A,B-,B+,N/A,B2,B,N/A,1,0.000977188,0,0,0,0,0,2,0,5,6,0,0,73.26,1,3,0,0,16,39,1,2000,7.6009026,0,-0.6,32.99524188,0.787726879,0.708354175,-0.196878314,4.151400089,0.735447824,83,,0,93,90,80,80,73,100,80,100,93,60,90,60,80,83,14.4,17.94,0,5,6,37,44502,4.521,1,1,94.9,2,-190164,neither,0,0,27.7,,-999,96.91,2,-4,3,97.999,102334403,4,0,6,2/Muslim,0/notFree,9.7,0,2,,10,1,0,1,0.36,68,0,484,6.164414003,6.557438524,21.4,42.7,0.28,2,1
EqGuinea,saho,45,4.101717108,,,0.055051473,,2.214436859,6.609482573,53.24062104,6.438860589,33,79.4,2.6,420832.2563,45.1669,26.24,1450,1.072141334,55.13387379,52.24744124,1237.263752,-5.576308454,33.72644649,6460,40.77592087,,21,81.8,6.48,,,,,,50769.97793,81.66475798,61.96699905,,3.528524074,,0.0000716438,179.6565263,Developing,1,0,UpMid,0,0,cAfrica,0,1,none,0,1,88.7,7,28051,30.7,1620,-3.3,3062000,5.6,308700,0,172000,1100000000,-738000000,7.3,1211000000,,465000000,0,61,38,0,331000,0,2,500000000,8776000000,,10179.2,-4.7,6.1,1800,6245000000,-6.9,59.7,1.2,209253,195200,65.7,301,20.3,40,,1189000000,4878000000,0,6069000000,36810000000,0,8,65000,6779,368920,2.35,836178,37.4,,0,5094,5200,0,45500000,2880,16.9,4.11,8.6,,,3/neither,181,N/A,N/A,N/A,N/A,N/A,N/A,N/A,N/A,0,0,0,0,0,0,0,0,3,4,6,0,0,100.1,0,0,0,0,45,85,1,9850,9.1952267,0,-1.3,18.83260906,,,,,,22,,0,20,20,20,20,20,40,20,20,27,20,20,20,20,22,1.2,62.21,0,8,6,301,507,4.017,1,0,4,2,79998,prod,1,0,22,0,-999,93.53,2,-6,1,45.194,1402985,2,0.018518519,29,1/Africa,0/notFree,24.6,0,1,,12,2,3,,7.23,45,0,2025,3.872983346,4.472135955,,72.6,1.11,6,38
Eritrea,open,38,,,,,,4.828972556,34.58702866,48.03019868,,84,83.7,21.37,101357.3759,20.364,1.30891,201750,,,,,,,,60.27051163,,22,40.5,0.15,,,,,,,83.6032015,78.38800049,199,,,,87.49763373,Developing,0,1,Low,0,1,eAfrica,0,1,twenty,0,1,62.9,13,117600,27.9,600,-9.8,597100,39.4,0,0,0,0,-137000000,6.79,792700000,,353900000,0,99,0,0,160700,0,1,415900000,624300000,,1985.4,4.2,5.5,,1127000000,5.4,42.39,9,78215,2710000,66.51,480,20.3,9,,0,0,0,0,0,-10.84,5,14000,116882,1226660,0.98,6081196,131.2,306,0,3897,4000,0,236700000,16000,34.9,3.65,5.8,,,3/neither,86,N/A,N/A,N/A,N/A,N/A,N/A,N/A,N/A,0,0,0,0,0,0,0,4,2,9,2,0,0,95.47,0,0,0,0,52,137,-999,1146,7.0440331,0,-1.7,27.24905908,,,,,,49,,1,20,60,80,20,53,50,80,20,80,80,50,20,20,49,-16.37,31.32,0,6,2,480,212,0.628,0,0,36.6,3,-199290,neither,0,0,23.9,0,0,-999,2,-7,0,44.304,3546427,2,0.018518519,24,1/Africa,0/notFree,25.3,0,3,,15,3,1,0,1.44,38,1,1444,4.69041576,5.196152423,7.2,40.7,8.74,-999,24
EswSwa,saho,57,2.861860596,118702081.8,,2.751805398,2.76626266,4.611645818,70.18458263,17.16878731,6.96854201,21.5,35.8,34.05,52744,93.5273,47,,1.823258322,45.89519592,43.19706476,13960.58947,2.243919525,2.350258829,3670,94.48487091,,7.246376812,49.4,9.77,,29.2,54.6,58.9,5.73,33899.91222,85.46495504,52.50500107,940,1.045309194,0.863457216,0.0000857859,102.2183413,Developing,0,0,LowMid,1,0,sAfrica,0,1,none,0.010928961,1,88.1,14,17364,24.5,7000,-8.5,1140000,5.8,0,0,0,0,604000000,10.1,526300000,7.1,1431000000,0,39,20,1077000000,295900,0,41,381000000,2389000000,,4145.7,2.4,25.4,2300,2605000000,5.6,42.8,6.2,510984,427900,58.6,437,23.7,,1.8,0,0,0,0,0,-6.8,16.5,200000,40003,1025061,0.77,1104479,28.4,301,0,5279,5300,0,563100000,3769,28.6,2.52,28,47.1,,1/Britain,363,N/A,N/A,N/A,N/A,N/A,B2,N/A,N/A,4,0.34477884,0,0,0,0,0,1,0,4,2,0,0,68.65,0,0,0,0,45,79,0,3224,8.0783777,50,-0.7,50.74532032,0.708263338,0.646822274,-0.19920142,4.308100224,0.770290196,40,,0,40,20,20,40,87,70,20,27,33,20,80,40,20,40,4.8,40.72,0,3,4,437,366,3.285,0,0,0.2,2,-41764,minCons,2,0,26.7,0,-999,-999,1,-9,0,79.492,1160164,3,0.314814815,-999,1/Africa,0/notFree,26.9,0,1,,7,2,2,0,10.04,63,0,3249,1.732050808,2.828427125,10.7,24,13.91,-999,31
Ethiopia,open,73,2.623459552,531044170,,5.876660243,28.9415243,13.66926417,32.65367232,38.97873776,,32,37.7,1994.44,12631216,36.2007,18.6181,138000,0.601169492,7.939976609,20.8753244,591.2741783,8.364085699,6.161209944,850,54.11090088,4.737919807,38.75685558,50.7,0.23,,32.6,35,23.5,3.03,4779.791484,85.64049238,79.55000305,733123,2.579563348,46.53522828,0.0000180529,128.9530252,Developing,0,1,Low,1,1,eAfrica,0,1,war,0.007742704,1,62.8,57,1104300,31.6,580120,-3.2,12180000,21.1,0,0,0,428000,-6551000000,5.8,26050000000,4.7,9062000000,166000000,3,86,0,2784000,0,11,11150000000,3230000000,,735.1,6.8,32.1,12000,15590000000,10.5,34.62,15.7,19118470,52820000,67.9,401,19.8,11,,0,0,0,0,24920000000,-0.2,4.5,670000,1095946,38147361,2.5,108113150,54.2,659,0,69970,74000,0,3013000000,120171,13.9,4.07,17.5,25.2,,3/neither,140,N/A,N/A,CCC,B,N/A,B2,B,N/A,65,0.056539644,2,0.001739681,0.000238237,0,0,4,3,10,6,1,0,82.1,0,0,0,0,44,67,1,720,6.5792513,50,-0.6,24.94517863,0.753690004,0.740795195,0.043377332,4.186200142,0.743307352,63,,1,87,80,40,40,80,70,80,73,73,80,40,40,40,63,15.8,37.93,0,10,6,401,8395,0.769,0,0,34.6,6,150002,neither,4,1,18.3,0,-999,-999,2,1,3,104.957,114963583,3,0.666666667,5,1/Africa,0/notFree,26.7,2,2,59.4,20,2,2,1,2.36,39,2,3481,3.605551275,2.828427125,4.6,21.2,4.22,3,5
Gabon,saho,71,9.204073991,18458042.25,,0.737735369,8.56898848,6.536376969,62.51130721,44.38554846,,10,47.1,63.78,77320,138.281,62,6700,1.59301498,50.67318194,21.57661542,5832.404686,3.944946204,23.42102391,7170,,,17.91044776,42.5,1.07,,3.4,38,33.4,,56241.61673,70.39283368,52.89500046,454,2.484089207,0.797779622,0.0000626628,181.5712261,Developing,1,0,UpMid,0,0,cAfrica,0,1,none,0.0234375,1,76.5,44,267667,26.3,29099,-1.9,4293000,6.4,214200,0,196000,2000000000,-725000000,9.41,6490000000,2.7,2071000000,0,51,49,344000000,671000,0,0,2244000000,10800000000,,8018.8,1.2,25.6,1100,5020000000,1.8,4.27,2.4,1313802,557800,81.3,252,21,40,1.6,401000000,0,0,401000000,28320000000,2.47,15,51000,22412,3008814,0.48,2230908,62.7,649,4662,10680,24000,16580,981600000,14300,17.6,1.86,28,35.7,1600,2/France,521,N/A,N/A,N/A,CCC,N/A,Caa1,N/A,N/A,33,1.482661,1,0.044929121,0.000710227,0,0,1,3,2,7,0,0,50.56,0,0,0,0,43,51,1,7220,8.8846102,66.666664,-0.8,63.28516006,0.849150956,0.704829216,-0.222261623,4.829299927,0.787886858,27,,0,20,50,20,20,47,40,40,20,27,20,10,20,20,27,2.5,32.21,0,6,6,252,1408,6.819,0,0,11.2,3,16301,prod,11,0,14.4,0,-999,50.66,1,3,1,7.859,2225728,2,0.648148148,49,1/Africa,0/notFree,23.2,0,0,,8,0,2,0,8.74,49,0,3721,3.31662479,2.449489743,,89.7,1.76,6,8
Gambia,open,58,1.766964326,275477907.9,,14.17204082,13.41188534,4.498080953,35.46297136,33.98263855,7.089868273,8,48.4,33.83,109542.1451,139.529,19.8365,800,0.824343186,20.63737759,34.90131485,1884.563044,6.056765744,2.470896844,750,78.94251251,2.420300007,10.34482759,51.7,1.77,,10.3,35.9,48.6,,7364.623026,75.27541521,59.40100098,4302,2.921850237,48.2694865,0.000041236,104.335981,Developing,0,1,Low,0,1,wAfrica,0,1,none,0.014084507,0,4.5,,11300,27,4433,-2.6,607300,10.3,0,0,0,0,-194000000,5.76,586800000,2.4,282800000,0,97,0,0,117000,0,3,304100000,643000000,,716.1,6.5,6.8,1100,1246000000,-0.8,29.45,7.1,406918,777100,69.37,597,21.8,8,,0,0,0,0,0,3.76,10.3,28000,41179,2977068,2.41,2173999,88,,42,3738,3800,0,170000000,2977,20.3,3.36,,13.1,390,1/Britain,158,N/A,N/A,N/A,N/A,N/A,N/A,N/A,N/A,3,0.12413806,1,0.041379355,0.004694836,0,0,4,3,9,7,0,0,97.3,0,0,0,0,48,54,0,709,6.5638556,100,-0.6,22.89288193,0.690717816,0.733163178,0.343198717,4.750599861,0.6931687,38,,1,27,40,20,20,33,60,80,47,33,60,40,20,20,38,7.1,36.82,1,6,6,597,213,1.021,1,1,95.1,1,-15436,neither,0,0,20.4,0,-999,43.29,3,4,0,207.566,2416664,2,0.388888889,1,2/Muslim,1/partFree,29.7,0,1,,15,2,2,1,3.55,44,0,3364,1.414213562,2.645751311,14.4,61.9,20.92,4,1
Ghana,open,56,3.461741106,3520561664,,1.660566472,7.290878843,3.745240322,67.34916374,34.7135141,8.543351561,13,55.4,1275.99,597343,134.319,39,15500,0.441936078,35.97678235,35.40140847,3364.755152,6.478394805,14.07912633,2220,93.80911255,3.989439964,13.09090909,46.2,1.1,,13,43.5,23.4,6.64,13322.93409,88.50760546,67.79799652,11946,2.162577887,4.42376537,0.0000434121,190.2605046,Developing,0,1,LowMid,0,0,wAfrica,0,1,twenty,0.013393985,1,74.9,10,238533,29.6,62320,-6,13670000,12.6,104000,6220,173000,660000000,-2131000000,6.3,22140000000,4,9363000000,187000000,58,42,511000000,3801000,0,1,12520000000,13840000000,,2201.6,6.3,9,14000,12650000000,16.7,33.33,8.4,10959964,12490000,69.01,308,21.4,50,,1232000000,0,317400000,914400000,22650000000,-0.17,10.9,340000,272801,38571189,2.26,29340248,71.8,947,2654,85110,90000,2073,7555000000,109515,20.3,3.71,11.9,9.1,1293,1/Britain,144,N/A,N/A,B-,B,N/A,B3,B,N/A,53,0.17056639,2,0.006436468,0.000505433,0,0,3,2,6,7,1,1,101.5,0,0,1,0,43,52,0,1056,6.9622436,33.333332,-0.2,33.47040415,0.847964764,0.794796526,0.094170853,5.147999763,0.728601098,49,,1,33,60,60,40,53,80,20,33,40,80,40,40,60,49,7.2,34.96,0,5,7,308,3957,1.359,0,0,15.8,3,-50000,prod,15,1,20.8,0,-999,53.85,1,8,1,126.719,31072945,3,0.296296296,9,1/Africa,2/free,24.9,0,1,46.2,11,2,1,1,2.75,47,,3136,2,3,3.7,56.7,5.54,3,1
Guinea,saho,60,0.361073501,158130000,,5.50643175,2.51772936,10.61603851,19.6652011,26.0624902,2.713876675,15,69.3,27.84,,100.797,18,12700,2.029174026,30.59925875,45.60169629,828.7714134,5.6,14.49197714,930,59.66736984,2.315939903,22.80701754,98.8,0.68,,,,43.7,,7693.410707,104.1425121,61.5340004,4964,2.834575382,0.188768056,0.000059756,106.5206626,Developing,0,1,Low,0,1,wAfrica,0,1,twenty,0.008188332,0,10.9,16,245857,36.1,1213,-0.5,2794000,16.3,0,0,0,0,-705000000,8.4,1458000000,2.3,556100000,0,33,67,0,550000,0,0,598000000,5041000000,,937.6,5.8,5.1,3100,7924000000,11,52.4,9.4,2133974,5558000,63.2,576,19.1,,2,0,0,0,0,0,0,7.7,110000,0,12283911,2.76,12527440,37.9,1086,0,18460,19000,0,331800000,44301,16.6,4.92,2.7,1,1300,2/France,176,N/A,N/A,N/A,N/A,N/A,N/A,N/A,N/A,8,0.060916215,0,0,0,1,3814,3,3,9,7,1,1,127.3,0,0,0,0,44,77,-999,802,6.6871085,33.333332,-1,17.17888862,0.761794448,0.706846774,0.076328471,4.949299812,0.637573481,44,,1,53,60,60,20,60,80,40,47,33,40,40,20,20,44,9.5,65.11,0,9,7,576,977,0.832,0,1,84.4,6,-20000,neither,0,0,22.4,0,-999,,3,4,3,51.755,13132792,3,0.425925926,4,2/Muslim,1/partFree,28.2,0,1,21.5,18,3,2,-999,1.11,37,0,3600,0,2.236067977,,36.5,5.85,3,7
Guinea-B,open,88,2.28548234,130991138.8,,10.45913265,3.289964696,12.01927215,9.987460548,29.77470228,3.77975545,8.5,45.5,15.01,,82.7926,3.93051,4450,1.424674883,23.49763888,33.51091696,830.5274859,4.600094045,9.236051387,820,,,13.7254902,78.5,1.85,,,,,,4899.638442,83.70309993,71.96399689,1846,2.456522095,5.259808956,0.0000400911,101.4060913,Developing,0,1,Low,0,1,wAfrica,1,1,twenty,0.2290749,0,19.7,8,36125,36.9,1204,-1.3,397900,17,0,0,0,0,-27000000,7.9,1095000000,2.1,36270000,0,99,0,0,28300,0,1,39000000,188000000,,778.4,3.8,8.6,1500,383000000,2.5,51.9,0.2,72047,731300,62.8,667,18,8,1.4,0,0,0,0,0,-3.8,9.5,40000,0,1555961,2.51,1927104,53.9,,0,2625,2700,0,356400000,4400,18.2,4.75,,,,3/neither,361,N/A,N/A,N/A,N/A,N/A,N/A,N/A,N/A,52,2.6422791,0,0,0,0,0,4,3,10,7,0,0,108.4,1,0,3,0,57,88,1,723,6.5834093,100,-1.5,8.197737485,,,,,,25,,1,27,20,40,20,20,30,20,27,27,40,20,20,20,25,1.5,53.97,0,7,7,667,227,1.274,0,0,45.1,2,-6996,neither,1,1,20,0,-999,40.89,3,6,0,66.191,1967998,2,0.722222222,3,1/Africa,1/partFree,31.1,0,1,,17,3,3,,5.38,40,0,1936,5.291502622,4.795831523,,43.8,13.53,2,1
Kenya,saho,57,1.395176769,2838192215,26.24158065,2.882437618,38.19827218,7.845690551,71.67698246,28.57837427,4.65145974,23,37.2,1246.76,6417534.056,103.769,22.5651,29100,1.15594133,12.03179759,21.36964548,1119.891127,5.365748965,1.309758659,1750,99.67874146,5.306250095,21.7765043,43.2,1.47,,37.1,40.8,36.1,,9791.703931,93.25489329,74.69599915,438899,2.27190164,14.96841743,0.0000246003,102.7393628,Developing,0,0,LowMid,0,0,eAfrica,0,0,twenty,0.003108679,1,84.8,197,580367,27.2,371498,-6.7,17980000,11.2,0,12550,0,0,-57594000000,5.09,27590000000,5.3,7863000000,39100000,33,34,184000000,2401000,0,33,9634000000,10078000000,,1710.5,6.3,10.4,21000,18729000000,3.6,28.81,5.1,9129243,19600000,69.32,342,20,24,1.3,0,0,0,0,0,-0.2,7.1,1500000,68072,54336841,2.15,53527936,54.2,3819,173,90620,109000,13960,7354000000,177800,17.6,3.36,40,7.4,,1/Britain,267,N/A,N/A,B,B+,N/A,B2,B+,N/A,25,0.046493202,0,0,0,0,0,3,1,5,7,0,0,39.89,0,0,0,1,44,57,1,1507,7.3178763,0,-0.4,42.73926914,0.831499159,0.829747558,0.294681519,4.583000183,0.702652037,43,,1,40,40,60,60,60,50,20,33,40,40,50,40,20,43,4.7,32.82,1,5,7,342,8042,1.565,0,0,9.7,5,-50000,neither,6,1,13.4,0,-999,50.51,0,9,1,87.324,53771300,3,0.314814815,4,1/Africa,1/partFree,27.8,0,2,77.6,10,2,1,,2.78,55,0,3249,1.732050808,2.828427125,11.8,27.5,3.42,1,4
Lesotho,saho,48,4.950727159,495111530.5,,5.187595365,4.986483097,9.7240285,37.71324522,28.02865352,3.736530864,15,13.6,18.54,,113.831,29,2000,1.546863635,45.16940722,94.19669451,1831.981328,-0.805720589,3.344852177,1380,85.62885284,6.985189915,23.33333333,86.4,11.35,,27.8,44.9,49.7,,7701.707561,79.22016095,67.88400269,143,0.809566476,1.914584494,0.000129233,76.90000546,Developing,0,0,LowMid,1,1,sAfrica,0,0,none,0,1,96.8,24,30355,23.2,5763,-6,711100,10.5,0,0,0,0,-102000000,15.05,934600000,7,847300000,0,0,100,373000000,80400,0,1,510000000,1106000000,,1248,1.2,20.3,4800,2613000000,12.5,3.66,5.3,569114,930800,75.61,544,24.7,,1.5,0,0,0,0,0,-4.75,16.6,340000,7865,2238186,-1.04,1969334,33.7,,0,5118,5000,0,657700000,5940,39.7,1.61,28.1,34.4,,1/Britain,654,N/A,N/A,N/A,B,N/A,N/A,N/A,N/A,0,0,0,0,0,0,0,3,0,7,7,0,0,113.4,0,0,0,0,106,137,0,1178,7.0715733,0,-0.9,62.92030215,0.857392073,0.738125861,-0.145732045,3.652800083,0.780495703,29,,1,27,40,40,20,80,40,20,20,40,20,30,0,0,29,5.2,69.09,1,3,7,544,138,0.692,0,0,0.1,1,-50234,neither,0,0,26.6,0,-999,-999,2,8,0,73.562,2142252,2,0.037037037,5,1/Africa,1/partFree,28.9,0,1,,10,2,2,0,4.59,48,2,2304,3.464101615,4.123105626,29.7,28.6,12.09,3,2
Liberia,saho,51,4.48784197,301266549.6,,20.18924655,7.092725615,25.99234268,7.390765992,17.98411246,3.172171736,18,46.2,25.39,,56.569,7.98448,2100,0.51652075,28.72532815,98.72694774,786.9433956,-2.278245125,21.55805217,580,60.59540176,2.584120035,12.32876712,84.6,0.74,,44.4,35.3,50.9,,3249.342889,89.38535082,76.31500244,8225,2.427194604,,0.0000454972,135.4239242,Developing,0,1,Low,0,1,wAfrica,0,0,twenty,0.011904762,1,85.9,29,111369,37.3,8000,-4.3,1163000,13.6,0,0,0,0,-627000000,7.89,1036000000,2.6,279000000,0,57,43,0,151000,0,0,300000000,330000000,,440.3,1.2,-21.9,1900,1820000000,9,4.12,12.4,383819,1677000,82.36,661,18,3716,,0,0,0,0,0,4.84,9.9,47000,8394,2793316,0.73,5073296,34.4,429,0,8181,8000,0,459800000,10600,16.9,1.69,2.8,2.3,,1/Britain,308,N/A,N/A,N/A,N/A,N/A,N/A,N/A,N/A,2,0.039543845,0,0,0,1,10678,4,3,7,6,0,0,83.32,0,0,0,1,47,66,0,583,6.368187,0,-1.3,17.2045514,0.856375933,0.735268712,0.04227322,4.557899952,0.70928055,46,,1,40,70,60,20,47,80,40,47,33,60,60,20,20,46,23.6,63.31,1,5,7,661,168,0.376,0,0,12,3,-25000,neither,0,0,17.6,,,43.93,1,7,0,49.127,5057677,3,0.111111111,12,1/Africa,1/partFree,35.9,0,0,,12,2,2,,6.12,39,0,2601,3,3.741657387,8.4,51.6,12.84,0,12
Libya,saho,52,,,,0.566711327,,4.208260941,,54.25468179,11.36352242,35,32.6,161.9,1367458,91.4793,21.7589,,,64.37081654,53.10223087,,2.535953478,43.44257542,7640,,,15.95744681,11.5,0.1,26.11147741,,,,,52134.62721,51.98132381,49.68600082,4730,1.469777653,,0.0000745117,159.1837304,Developing,1,0,UpMid,0,0,nAfrica,0,-999,war,0,0,2.7,146,1759540,23,168920,-25.1,46480000,11.7,337800,0,1039000,48360000000,2574000000,3.46,3020000000,,27300000000,0,100,0,376000000,9460000,0,0,34240000000,18380000000,,5147.3,17.9,5,,11360000000,60.3,11.48,28.5,1440859,1114000,76.93,72,25.8,94,,4446000000,4644000000,0,9089000000,1505000000000,-1.15,32.5,9500,1618511,6182105,1.76,6890535,4.7,,16880,168200,260000,89620,74710000000,37000,51.6,3.13,30,48.7,,3/neither,59,N/A,N/A,N/A,N/A,N/A,N/A,N/A,N/A,0,0,0,0,0,0,0,1,3,5,2,0,0,43.3,1,0,3,0,55,64,-999,3941,8.2791901,16.666666,-1.8,63.29393387,0.668779135,0.773157001,-0.085054487,5.488800049,0.825942934,54,,0,73,80,80,40,53,70,80,20,53,20,30,20,80,54,2.6,10.23,0,9,2,72,13757,20.905,1,1,96.6,6,-9997,prod,0,0,20.1,-999,-999,-999,3,0,3,3.623,6871287,2,0.166666667,-999,2/Muslim,0/notFree,26.1,1,3,,14,0,0,2,0.019,64,0,2704,2.828427125,3.605551275,,80.4,0.81,-999,3
Madagascar,saho,53,1.610155326,433036326.8,,5.156212184,2.520154133,5.366858454,0.021077592,22.54228288,2.380960174,8,38.3,127.41,544458,40.5703,9.8,21500,0.613169182,26.59677097,33.28494079,362.4475096,4.851,6.09048639,520,63.27682114,2.825489998,15.89403974,50.6,0.4,,,,,,3264.181374,93.74170583,86.1269989,113,2.656240162,20.22387713,0.0000465262,72.88795332,Developing,0,1,Low,0,1,eAfrica,0,0,none,0.000701754,1,85.3,83,587041,29.9,27211,-2.7,4021000,26.4,0,0,0,0,-35000000,6.53,4089000000,2.8,1587000000,0,74,24,0,675400,0,2,1706000000,5272000000,,527.4,4.6,14.8,1400,5855000000,5.2,19,5.6,2516994,13400000,73.56,335,20.3,29,,0,0,0,0,0,-1.83,5.3,39000,68426,10677153,0.92,26955737,36,836,0,18880,18000,0,1600000000,31640,15.9,2.29,1.8,1,600,2/France,233,N/A,N/A,CCC,N/A,N/A,N/A,N/A,N/A,3,0.010833837,0,0,0,0,0,4,1,9,3,0,0,79.94,0,0,0,0,51,109,0,516,6.2461066,0,-1.2,46.88048661,0.817485631,0.557574093,-0.011823639,4.165599823,0.668195903,29,,1,27,30,20,40,47,60,20,27,20,20,30,20,20,29,5.6,37.46,0,3,7,335,4275,1.812,0,0,3,0,-7500,neither,0,0,22.9,0,0,15.85,3,6,1,43.951,27691019,2,0.185185185,3,1/Africa,1/partFree,28.6,0,1,,12,2,0,2,1.97,28,0,2809,2.645751311,3.464101615,28.9,37.9,4.4,2,3
Malawi,open,101,1.283768589,217457944.5,,18.82219299,8.696739281,4.084778354,10.44654331,23.56592147,3.371332235,37,34.5,231.21,7117,47.7811,13.7822,14700,0.885396813,31.00801491,35.59649468,769.2204307,4.369238991,6.224147676,380,80.34858704,4.714839935,22.91666667,41.6,3.71,,70.8,44.7,51.5,2.01,2589.875836,89.50827929,76.71800232,14087,2.640375193,3.866248431,0.0000489911,110.1184739,Developing,0,1,Low,1,1,sAfrica,0,0,none,0.066255778,1,82.7,32,118484,40.1,11358,-3.4,1082000,11.8,0,0,0,0,-591000000,7.2,2102000000,4.7,1321000000,0,1,93,0,375000,0,6,1420000000,10718000000,,396.6,4,3.9,13000,12818000000,1.2,39.5,9.3,2734305,7000000,63.2,349,16.8,,,0,0,0,0,0,0,5.8,1100000,14357,9799352,3.3,21196629,59.2,767,0,4769,6000,0,780200000,15452,21.7,5.31,20.4,40.5,700,1/Britain,146,N/A,N/A,N/A,N/A,N/A,N/A,N/A,N/A,43,0.22477837,3,0.015682211,0.004622496,0,0,4,3,7,7,1,1,53.97,0,0,1,0,64,69,0,340,5.8289456,33.333332,-0.7,30.64604104,0.731700778,0.803223193,0.021433279,3.538000107,0.544007301,35,,1,20,40,40,40,40,80,80,27,53,20,20,0,0,35,9.4,32.07,0,6,7,349,649,0.358,0,0,13,3,-80263,neither,13,0,16.4,0,-999,36.42,1,6,1,197.519,19129955,3,0.759259259,23,1/Africa,1/partFree,31,0,1,74.6,13,2,1,0,3.63,46,0,961,6.403124237,6,12.8,17.2,13.38,2,3
Mali,open,57,2.857845696,1034339163,,9.010769432,4.827020533,2.826419424,25.40293038,38.52660616,4.961936445,11,54.5,90.37,,115.085,13,21000,2.709170359,23.32308808,34.62902568,1230.486061,4.751341534,10.21325791,870,49.61439133,3.787309885,9.523809524,94,,18.70940415,,,42.1,,6706.083392,75.9778223,70.81300354,26672,2.99663676,6.061811677,0.0000482014,161.254473,Developing,0,1,Low,1,1,wAfrica,0,-999,war,0.000814996,0,3.2,25,1240192,42.2,120934,-2.9,3388000,18.6,0,0,0,0,-886000000,8.77,4192000000,3.8,2982000000,0,68,31,800000000,590000,0,1,2489000000,3060000000,,900.1,6.7,16.5,5800,3644000000,6.3,62.31,1.9,2395886,6447000,62.01,562,16,,2.7,0,0,0,0,0,-3.17,8.6,140000,227831,21850850,2.97,19553397,35.4,593,0,20610,22000,0,647800000,139107,20,5.63,7.9,16.9,1800,2/France,52,N/A,N/A,N/A,N/A,N/A,N/A,N/A,N/A,2,0.009876137,0,0,0,1,8,3,2,7,6,0,0,106.6,0,0,0,0,56,62,0,821,6.7105231,57.142857,-1,34.93356109,0.839328408,0.71156615,-0.044366926,4.729300022,0.731468976,48,,1,47,50,80,80,53,70,40,53,33,60,20,20,20,48,-1.7,61.79,0,8,7,562,2454,1.286,0,1,92.4,7,-200000,neither,2,0,24.6,0,-999,39.79,2,5,1,15.196,20250834,3,0.314814815,4,2/Muslim,1/partFree,23.1,0,2,46,15,2,3,0,1.28,38,0,3249,1.732050808,2.828427125,12,43.1,6.86,1,4
Mauritania,open,24,-11.62479931,64458913.64,,6.378526692,14.0712008,3.586048384,0.633227119,47.42299178,10.91600024,6,67,20.32,386621,104.09,20.801,20850,2.818955471,39.99784888,53.03794628,1908.346209,5.931442089,16.17667205,1660,72.909729,1.89546001,20.26143791,72.9,,,,,,,20831.71355,45.75370746,45.88399887,84901,2.741280273,0.291008929,0.0000704413,139.6664893,Developing,0,1,Low,0,1,nAfrica,0,0,none,0,0,0.3,30,1030700,29,13222,-0.8,2615000,19.2,5333,0,4000,20000000,-711000000,7.54,4150000000,1.9,1059000000,0,65,16,0,558000,0,20,1139000000,321000000,,1730.4,3.6,24.2,,318000000,1,52.05,2.2,798809,1437000,64.86,766,21,5,2.8,0,0,0,0,28320000000,-0.74,12.7,5700,53742,4083199,2.02,4005475,96.6,728,0,17290,17000,0,875000000,12253,27.4,3.59,10.2,15.2,,2/France,89,N/A,N/A,N/A,N/A,N/A,N/A,N/A,N/A,0,0,0,0,0,0,0,3,3,8,6,0,0,87.61,0,0,0,0,45,64,0,1129,7.0290875,0,-0.7,38.80102038,0.746223509,0.551522553,-0.106008142,4.374599934,0.790819228,35,,1,33,60,80,20,47,40,20,27,33,20,20,20,40,35,2.3,51.38,0,8,7,766,821,1.865,1,1,99.1,3,25002,minCons,0,0,18.1,0,-999,81.94,3,-2,2,4.289,4649660,2,0,8,2/Muslim,0/notFree,24.7,0,1,30.4,16,2,2,,0.036,41,0,576,6,6.403124237,,54.5,4.14,2,10
Mauritius,saho,53,3.36196137,318511666.2,61.32905728,0.420036294,,2.550863415,100,14.45782732,16.42392049,4.5,22.2,126.94,1726868,151.359,63.9999,3000,0.153188085,38.51553235,53.65899664,12228.39582,3.014762911,0.002055829,12900,98.51373291,4.719349861,20,16,0.96,,0.2,36.8,10.3,13.62,50791.10776,62.72279029,58.31299973,20,0.032240043,38.68914482,0.0000557998,112.2022415,Developing,0,0,UpMid,0,0,sAfrica,1,0,none,0.004361371,0,25.3,5,2040,12.6,274200,-0.3,6429000,,0,0,0,0,-875000000,5.28,19990000000,4.7,2726000000,0,79,7,0,894000,0,14,2898000000,2360000000,,11222,3.8,16.9,,4986000000,3.2,12.79,0.4,799470,554000,76.33,61,36.3,30,,0,0,0,0,0,-13.67,10.8,11000,470166,2076577,-0.36,1379365,64,,0,26960,27000,0,5984000000,2428,22.5,2.66,6.65,23.9,,1/Britain,12,N/A,N/A,BBB,N/A,N/A,Baa1,N/A,N/A,14,1.1008306,1,0.078630753,0.000311526,0,0,0,0,0,7,0,0,47.68,0,0,0,0,50,52,0,10564,9.2652073,0,0.9,42.86723435,0.805343091,0.889534533,-0.018318573,6.101299763,0.910357833,64,,0,60,90,20,80,53,70,80,67,73,80,80,40,40,64,0.4,13.68,0,0,7,61,3210,25.331,0,0,16.7,0,0,modCons,14,1,22.6,0,-999,-999,0,10,0,622.962,1271767,4,0.185185185,3,0/neither,2/free,13.7,0,0,,0,0,0,,4.35,63,2,2809,2.645751311,3.464101615,26.9,40.8,0.74,1,3
Morocco,saho,50,1.336471803,6735496283,54.64919143,0.700939246,9.185957123,3.154526918,100,32.59354146,24.61000464,9,45.8,5056.77,9380951,127.953,74.3763,245800,3.094492413,39.10925406,48.0323497,3863.959902,2.481905124,1.586964441,3190,97.13572693,,20.50632911,21.4,0.04,38.75015085,,,,,25438.71699,30.60921867,45.30599976,6642,1.22105093,22.01675709,0.0000667216,128.2889279,Developing,0,0,LowMid,0,0,nAfrica,0,1,none,0.002076684,0,0.1,55,716550,17.9,1552599,-3.6,55400000,2.6,0,61160,160,684000,-5075000000,4.64,51480000000,,28250000000,165000000,68,16,5289000000,8303000,0,15,28750000000,48565000000,,3272.9,3.7,30.1,,64120000000,2.8,4.69,0.2,22596729,10399000,84.81,70,29.1,88,3.1,1218000000,0,1133000000,87780000,1444000000,3.17,26.1,21000,1982934,45065083,0.79,35561654,65.1,2067,9504,229300,278000,66230,26270000000,57300,20.9,1.21,9.23,22.2,,2/France,97,N/A,N/A,BBB,BB+,N/A,Ba1,BBB-,N/A,54,0.1462996,2,0.005418504,0.0000769142,0,0,2,0,4,2,0,0,40.26,0,0,0,0,33,42,0,3069,8.0291071,0,-0.2,42.90533662,0.815724611,0.772072434,-0.240377247,5.094799995,0.592628479,75,,0,87,50,80,80,80,80,80,80,67,80,70,80,60,75,0.2,19.08,0,3,7,70,26003,7.308,0,1,99.9,1,-257096,minCons,9,0,12.4,0,0,-999,1,-4,1,80.08,36910558,3,0.074074074,-999,2/Muslim,1/partFree,19.6,0,1,,7,1,1,0,0.69,70,0,2500,3.16227766,3.872983346,14.7,63,0.56,-999,18
Mozambique,open,26,14.26135841,299567589.2,,12.50686616,16.41888793,17.31057452,7.993288094,21.29869546,4.102234309,17,36.1,139.25,587364,47.7158,10,11200,0.895181627,41.01132225,75.53582895,435.1149186,2.283597203,15.76340154,490,54.7286911,5.499849796,41.2,74.2,8.94,,,,,,3048.111366,97.81786079,78.09700012,4713,2.907137438,5.539972557,0.0000798028,102.2973728,Developing,1,1,Low,0,1,sAfrica,0,1,none,0,1,56.7,98,799380,38.6,70142,-5.6,11120000,15.6,0,0,0,0,-3025000000,10.59,10910000000,5.5,11570000000,12880000000,16,83,9928000000,2626000,0,1,18390000000,3349000000,,498.9,3.4,16.8,51000,7371000000,4.9,63.03,2.7,2855670,12900000,56.49,289,17,29,,1841000000,4162000000,0,6003000000,2832000000000,-1.62,7.2,2200000,61575,13992090,2.58,30098197,102.1,4787,0,25130,26000,0,3361000000,31083,26.7,4.89,24.5,7.4,460,3/neither,361,N/A,N/A,N/A,CCC,N/A,Caa2,CCC+,N/A,0,0,0,0,0,0,0,3,2,5,7,0,0,64.22,1,0,3,0,53,117,0,426,6.0544395,0,-0.9,29.86361682,0.683019102,0.864451885,0.032375868,4.623600006,0.723874032,60,,1,47,40,80,60,73,80,80,67,53,80,40,40,40,60,2.8,56.37,0,6,7,289,2473,0.838,0,0,18,6,-25000,neither,0,0,18.4,0,-999,57.03,0,5,0,37.728,31255435,3,0,39,1/Africa,1/partFree,30.1,0,2,50.4,11,2,2,1,2.3,46,0,676,5.830951895,6.244997998,14.4,36.5,5.9,2,3
Namibia,open,55,-0.328627804,60700614.71,21.09735202,1.150503488,,3.260718505,35.52086346,25.3587654,11.18240601,54,20.7,156.31,212578,113.165,51,15900,3.028329466,35.81001688,47.66554418,4815.948228,-1.134096127,4.656231165,5060,94.08621979,,42.70833333,42.4,5.34,,13.8,59.1,17.4,11.02,32180.82596,88.56484118,59.5340004,3182,1.872480881,9.862204342,0.000102284,131.3645267,Developing,0,0,UpMid,0,0,sAfrica,0,1,none,0.002929688,1,97.5,112,824292,25.7,61968,-5.5,3958000,13.2,0,0,0,0,-216000000,7.3,7969000000,3.1,3891000000,88000000,28,64,3073000000,535500,0,8,1403000000,6087000000,,5930.1,-0.1,16.7,3000,9921000000,-0.4,31.4,3.7,1291944,956800,65.3,195,21.8,14,3,0,0,0,0,62290000000,0,17.2,210000,144575,2921697,1.86,2630073,41.3,2628,80,26270,27000,0,2432000000,48875,32.2,3.07,34,38,,3/neither,486,N/A,N/A,N/A,BB,N/A,Ba3,N/A,N/A,3,0.11806766,0,0,0,0,0,1,0,2,6,0,0,74.79,1,0,3,0,45,137,0,5227,8.5615931,0,0.1,46.1430639,0.851449788,0.767520964,-0.18530646,4.571100235,0.846880972,59,,0,60,60,80,60,80,80,60,33,73,40,60,40,40,59,3.7,31.16,0,3,6,195,1024,4.182,0,0,0.3,4,-24030,minCons,0,0,21.3,0,0,86.73,0,6,1,3.078,2540916,2,0.259259259,27,1/Africa,2/free,30.4,0,0,,5,1,2,,5.43,62,0,3025,2.236067977,3.16227766,17.9,51,6.97,2,3
Niger,open,58,4.590868054,320411764.8,,8.923772302,7.845107325,6.949819287,11.69820261,94.05381768,1.633574803,10,47.2,55.18,14713,40.6385,5.25049,10300,1.839984015,11.01565151,26.77826537,754.8219541,5.90279179,6.057944553,600,62.26213837,3.547209978,16.95906433,80.4,0.09,9.60482373,,,40.8,,3404.902218,72.40979582,72.04199982,179997,3.793668153,6.352385238,0.0000268981,169.2077515,Developing,0,1,Low,1,1,wAfrica,0,0,war,0.011111111,0,0.8,30,1267000,47.5,8650,-5,2534000,21.8,0,0,9000,150000000,-1160000000,8.89,3728000000,3.5,1065000000,0,95,0,779000000,184000,0,5,494700000,1525000000,,571.3,7,22.4,1100,2999000000,6,58.23,-2.5,1110778,6500000,60.87,509,14.8,,1.8,0,0,0,0,0,-0.21,5.5,33000,116352,8921769,2.53,22772361,45.3,,5422,3799,14000,15280,1314000000,18949,21.4,4.67,0.3,0.7,300,2/France,84,N/A,N/A,N/A,N/A,N/A,N/A,N/A,N/A,10,0.041310985,1,0.004131099,0.001111111,0,0,4,3,10,6,1,1,139.6,0,0,0,0,51,55,0,378,5.9348941,42.857143,-0.8,33.42612684,0.722530186,0.759772122,0.013860817,4.909599781,0.617435038,39,,1,20,70,20,20,60,80,80,27,27,20,20,40,20,39,-2.5,47.89,0,9,7,509,900,0.433,0,1,98.4,7,20001,neither,0,0,20,0,-999,48.43,3,5,1,16.955,24206636,3,0.388888889,6,2/Muslim,1/partFree,26.2,0,2,45.4,19,3,3,,0.67,37,0,3364,1.414213562,2.645751311,8.6,16.5,4.63,4,6
Nigeria,open,39,0.736205107,23809281401,9.801293842,0.871419822,7.093813629,5.679560705,30.95084587,71.79817438,4.301913452,7.2,34.8,5602.28,6539048.353,88.1842,42,223000,0.460792415,14.22092679,19.80295104,6154.488795,2.208429277,11.48387008,2030,,,3.38028169,117.2,0.78,26.65462071,39.1,35.1,40.1,,18755.83312,82.71620155,52.9070015,54157,2.564841886,2.993694676,0.0000262849,168.4183097,Developing,1,0,LowMid,0,0,wAfrica,0,1,war,0.0000134151,0,49.3,54,923768,34.6,73965,-1.8,104000000,21.8,2096000,0,1989000,37450000000,10380000000,5.16,40960000000,,24720000000,0,80,19,0,10520000,0,0,29350000000,1146000000,,2153.5,1.9,18.2,45000,32670000000,2.2,19.57,11.3,85450052,60080000,74.51,917,18.6,728,,17240000000,27210000000,0,44480000000,5475000000000,-2.27,8.9,1800000,146075,184013243,0.93,214028302,21.8,3798,2332,223400,325000,35010,38770000000,195000,3.4,1.81,16.5,13.8,8600,1/Britain,219,N/A,N/A,BB+,B-,N/A,B2,B-,N/A,1,0.000485108,0,0,0,1,20,3,3,9,7,0,0,158.6,0,0,3,0,29,54,1,1968,7.5847731,0,-1,14.18325752,0.861874342,0.759578407,0.033745807,4.724100113,0.73721689,51,,1,53,100,60,40,47,70,60,47,33,20,50,20,60,51,11.4,75.74,0,9,7,917,74543,3.806,0,0,48.8,4,-300000,prod,0,0,22.5,0,0,53.96,2,7,1,209.588,206139587,3,0.018518519,2,1/Africa,1/partFree,21.4,2,3,26.3,18,2,2,2,10.84,42,0,1521,4.582575695,5.099019514,4.8,51.2,2.43,2,2
Rwanda,saho,51,4.057775253,260527799,31.04201593,12.02020758,7.367473207,4.884855418,23.418646,43.21021716,5.324944552,4,33.2,169.52,1561562.214,76.4915,21.7676,35000,1.186027809,21.81916359,36.12801513,585.6620177,9.428675224,4.022617648,830,97.40032959,3.073750019,61.25,34.3,0.76,,56.5,43.7,38.2,2.54,4465.380959,100.6849716,83.65499878,145054,2.607652645,25.84928706,0.0000373657,192.1257982,Developing,0,1,Low,1,1,eAfrica,0,1,twenty,0.006674757,1,93.4,7,26338,27.9,7501,-4.3,985600,9.6,0,0,0,0,-622000000,5.95,3258000000,3.1,527300000,4000000,42,51,42000000,191000,0,7,525000000,1050000000,,773,8.6,12.5,2800,1922000000,4.2,27.16,3.3,2653197,6227000,65.48,248,19.7,,,0,0,0,0,56630000000,-3.27,5.8,230000,11215,9531609,1.8,12712431,40.5,,0,6628,6700,0,997600000,4700,21.3,3.42,2.7,20.6,,3/neither,57,N/A,N/A,N/A,B+,N/A,B2,B+,N/A,11,0.084927596,0,0,0,0,0,4,2,8,6,0,0,59.06,1,0,0,1,45,122,1,748,6.617403,25,0.2,34.33142006,0.183541179,0.900589406,0.055483952,3.312299967,0.54083544,71,,1,93,90,80,100,93,70,60,47,67,100,40,40,40,71,3.4,27.34,0,7,6,248,1648,1.34,1,0,1.8,4,-44998,neither,6,0,18.2,0,-999,93.1,2,-3,2,494.869,12952209,3,0.111111111,23,1/Africa,0/notFree,29.7,0,2,65.9,15,2,1,0,8.95,57,0,2601,3,3.741657387,13.3,17.3,4.98,0,17
STAP,saho,97,6.708257311,11114429.37,,10.75361207,11.59896837,4.663174066,55.74170195,28.53958436,20.61022762,7,37,0.73,41933,77.0781,29.9312,,,,,2152.111902,1.301623446,1.904152098,1930,84.34609222,5.149069786,14.54545455,29.8,,,35.6,56.3,66.7,,13705.34473,55.69584497,57.78900146,,1.890763323,73.19355971,0.0000384581,109.7934013,Developing,0,1,LowMid,0,1,cAfrica,1,,,15.818182,1,82.2,,964,29.7,1557,-2.4,148100,8.8,0,0,0,0,-32000000,6.3,292900000,5.1,61380000,0,88,11,0,18100,0,1,66000000,15600000,,1948.1,2.2,18.7,,127700000,5,41.7,7.8,61193,72600,66.3,130,19.3,17,,0,0,0,0,0,-7.9,12.4,1100,4614,160189,1.58,211122,88.4,,0,1027,1000,0,58950000,1300,26.2,3.82,12.2,20.8,,3/neither,114,N/A,N/A,N/A,N/A,N/A,N/A,N/A,N/A,174,79.393684,3,1.3688567,0.27272728,0,0,,,,,0,0,81.86,,,,,70,92,,1921,7.5606012,0,-0.6,45.6029892,,,,,,32,,1,27,40,20,40,20,40,40,40,47,20,40,20,20,32,7.9,24.21,,,,130,11,0.531,,0,0.1,0,-8401,,0,0,18.5,,,,,,,212.841,219161,2,0.722222222,,0/neither,2/free,27.5,,,,,,,,5.88,55,,1225,6.08276253,5.656854249,5.4,73.6,13.9,,
S_Africa,saho,56,1.31590385,890059293.7,300.5823301,0.256501664,14.82674939,8.69932535,89.59881919,25.10220499,9.592517548,40,29.2,13008.74,25650178,165.6,56.1674,89650,0.976948136,29.85383928,29.35069678,11077.14637,0.152583317,5.168947628,6040,90.34449768,6.505050182,46.34760705,34.5,6.9,,,,,,43678.20585,79.06102117,56.01699829,89285,1.338617391,8.893575452,0.0000562143,146.4963701,Developing,0,0,UpMid,0,0,sAfrica,0,1,twenty,0.010791227,1,81.2,407,1219090,19.2,1107013,-4.4,572300000,5.9,0,404000,1600,15000000,-10626000000,9.3,156300000000,6.5,207100000000,16550000000,85,1,10560000000,50020000,4,10,234500000000,123864000000,,6369.2,0.8,16.1,72000,131721000000,1.2,27.8,4.1,31107064,14687000,64.8,119,28,103,,5069000000,0,4162000000,906100000,0,-0.2,28.3,7500000,1934778,92600942,0.97,56463617,53,20986,105600,195200,621000,487100,50720000000,750000,26.6,2.22,28.53,53.4,,1/Britain,615,Ag,N/A,A-,BB-,N/A,Baa3,BB-,N/A,557,0.93915409,0,0,0,0,0,1,0,3,7,0,0,61.06,0,0,3,0,36,57,0,6151,8.72437,16.666666,0.3,53.65100503,0.843423843,0.759330094,-0.109777324,4.814099789,0.852532268,70,,0,93,50,60,100,100,40,60,73,33,60,60,80,100,70,4.1,27.83,0,5,7,119,51616,9.054,0,0,1.7,6,727026,minCons,152,0,26.2,0,-999,-999,1,9,2,46.754,59308690,3,0.296296296,19,1/Africa,2/free,25.9,0,2,77.9,8,1,1,2,9.52,69,1,3136,2,3,31.4,66,2.59,2,8
S_Sudan,saho,79,0.001250229,80440000,,15.91619944,,1.08609817,23.65343856,45.57750557,1.407838847,13,31.4,9.08,,33.463,7.97743,185000,3.362341597,36.65134928,28.8999999,393.161588,-10.79336463,11.24559738,1090,,1.543900013,28.45953003,96.2,2.53,,,,82.3,,,96.1074309,72.38600159,298309,0.782224434,0.387776008,,,Developing,0,0,Low,1,1,eAfrica,0,,war,0.021164021,1,60.5,89,644329,38.8,200,-1.3,1224000,27.7,147300,0,150200,3750000000,-154000000,11.4,,1.5,391800000,0,100,0,0,80400,0,1,412800000,1130000000,,747.7,3.4,3.6,9100,3795000000,,69.9,187.9,814326,,55.5,1150,18.6,,3.5,0,0,0,0,63710000000,0.2,6.6,190000,0,3439784,2.7,10561244,62.7,248,0,7160,8000,0,73000000,90200,8.5,5.54,,38.6,,1/Britain,227,N/A,N/A,CC,N/A,N/A,N/A,N/A,N/A,4,0.035734292,0,0,0,0,0,3,3,11,6,0,0,109.2,1,0,0,0,67,106,,452,6.1136823,50,-2.4,8.441995084,0.763417304,0.451313615,0.016518548,2.816600084,0.553707123,34,,1,33,40,20,20,60,80,40,40,20,20,30,20,20,34,187.9,62.37,0,11,2,1150,189,,1,0,6.2,6,-870998,prod,0,0,19.8,0,0,92.99,3,0,3,18.32,11193729,,0.685185185,7,1/Africa,0/notFree,29.9,2,3,,22,3,2,,,31,0,2809,4.358898944,3.741657387,,19.9,9.91,,7
Senegal,saho,55,4.17056005,2522205665,,4.380772521,14.32776128,4.976766802,44.21697629,40.6958259,5.764881096,6,44.8,388.32,284534.1174,109.721,46,18600,1.450063017,22.79262606,37.7137764,2979.285937,5.271192358,2.589823393,1460,61.20201111,4.833280087,41.81818182,45.3,0.14,21.45576506,,,,,13919.94945,60.938207,45.68399811,14467,2.749747408,10.18879993,0.0000522434,111.8707518,Developing,0,1,LowMid,0,1,wAfrica,0,-999,twenty,0.074108817,0,3.6,20,196722,31.8,129820,-3.6,8644000,13.3,0,17880,0,0,-1547000000,3.93,8571000000,4.8,3497000000,0,82,7,0,977000,0,11,4167000000,2362000000,,1501.7,6.8,21.2,1200,5217000000,7.7,1.56,-0.8,6909635,6966000,86.19,315,19.4,34,1.5,59460000,0,0,59460000,0,4.26,8.8,41000,195288,16871654,0.95,15736368,48.3,906,4063,32050,48000,17590,1827000000,16665,19.6,1.15,48,8.1,1000,2/France,117,N/A,N/A,N/A,N/A,N/A,Ba3,B+,N/A,79,0.47181278,0,0,0,1,1,3,1,5,7,0,0,74.3,0,0,0,0,33,63,0,1332,7.194437,20,-0.3,20.97863257,0.808785141,0.690596163,-0.052335154,4.980800152,0.723616004,54,,1,53,80,60,80,60,50,60,53,40,40,40,60,20,54,1.8,33.55,1,5,6,315,1066,0.691,0,1,96.4,5,-100001,minCons,7,0,18.1,0,0,26.57,0,7,1,82.328,16743930,3,0.259259259,5,2/Muslim,2/free,23.4,0,1,47.4,10,2,2,1,0.76,45,0,3025,2.236067977,3.16227766,9.1,47.7,5.59,2,5
Seychelles,open,52,13.83586399,23648219.31,66.72234446,1.147674552,,2.641402995,100,20.17864936,51.42640611,32,30.1,9.53,414088,198.152,58.7698,420,1.332291957,80.32045942,91.93907735,,5.312514161,0.094351556,16900,98.80000305,4.421020031,21.21212121,14.2,,,,,,,,,,,0.887925293,36.40423071,0.0000989205,85.63748863,Developing,0,0,,0,0,eAfrica,1,,,0.034482758,1,94,14,455,12.8,19696,-0.5,1150000,3.6,0,0,0,0,-307000000,9.39,2559000000,4.4,325500000,0,91,0,0,88000,0,9,350000000,564800000,,16377.9,7.9,8.1,,1155000000,2.3,2.45,1.8,55616,51000,82.6,,36.8,26,1.3,0,0,0,0,0,4.87,14,,19627,188879,0.74,95981,63.6,,0,7225,7300,0,545200000,526,39.6,1.86,3,11.6,,1/Britain,16,N/A,N/A,N/A,B,N/A,N/A,N/A,N/A,7,7.1181617,0,0,0,0,0,,,,,1,1,56.42,,,,,45,137,,15692,9.6609058,0,0.5,73.04444313,,,,,,53,,0,80,40,80,80,80,80,20,27,60,60,40,20,20,53,1.8,12.5,,,,53,203,21.212,,0,1.1,0,-1000,,0,0,21.2,,,,,,,208.354,98340,3,0.166666667,,0/neither,1/partFree,15.9,,,,,,,,20.5,71,,2704,2.828427125,3.605551275,21.1,57.1,0.19,,
SierraLeone,saho,66,8.921003303,62085873.75,,13.31843606,7.656687514,6.996643751,6.431515434,21.62594668,,8,30.7,40.72,,86.1336,9,8500,0.73496769,15.98977827,37.52802675,1372.799061,5.507686458,7.880184192,540,83.21027374,7.702280045,12.32876712,109.2,0.92,13.34950326,43,35.7,56.8,2.75,5238.804935,97.98252605,57.89599991,441,2.109075252,5.162511932,0.0000524779,57.27583215,Developing,0,1,Low,0,1,wAfrica,0,0,twenty,0.012121212,0,20.9,8,71740,35.4,,-7.9,984800,13.6,0,0,0,0,-407000000,9.7,1615000000,7.7,279000000,0,23,51,0,113300,0,26,300000000,1085000000,,536.1,4.6,10,2600,2619000000,15.5,65.34,14.8,568099,132000,60.19,1120,19.1,557,,0,0,0,0,0,-0.96,8.7,78000,2586,5569221,2.44,6624933,63.9,,0,6439,6500,0,478000000,11700,15.6,4.58,15,9.4,800,1/Britain,295,N/A,N/A,N/A,N/A,N/A,N/A,N/A,N/A,2,0.025072129,0,0,0,1,14124,4,3,6,7,0,0,148,0,0,3,0,62,85,0,494,6.2025356,100,0.5,13.73714805,0.861330688,0.715315044,0.088660747,3.926399946,0.636142015,40,,1,33,50,40,20,40,60,20,67,33,80,40,20,20,40,14.8,83.35,0,7,7,1120,165,0.251,0,1,78,2,-21000,neither,2,0,30.5,0,-999,58.66,0,7,1,104.7,7976985,3,0.592592593,5,1/Africa,1/partFree,,0,1,,13,2,2,0,5.7,39,0,4356,2.449489743,1,19.8,42.4,9.15,0,10
Somalia,open,44,,,,,0.054234299,,14.63661782,32.03458423,,70,,9.74,34065.55685,48.7964,2.00405,19800,,22.66873739,111.3208527,,,,,,,24.36363636,117,0.04,,,,,,,29.55440698,47.39799881,17882,2.855602116,,,98.65087474,Developing,0,1,Low,0,1,eAfrica,0,-999,war,0,0,0.1,52,637657,38.7,92000,-0.1,852500,23,0,0,0,0,-464000000,11.82,5300000000,,315300000,0,93,0,0,85000,0,7,339000000,819000000,,99.6,3.1,,,94430000000,3.5,88.03,1.5,225181,4154000,55.32,829,18.5,4,,0,0,0,0,5663000000,-2.98,8.3,11000,74800,5612338,2.35,11757124,76.7,,0,5590,5600,0,30450000,15000,2.1,5.41,,,,1/Britain,258,N/A,N/A,N/A,N/A,N/A,N/A,N/A,N/A,0,0,0,0,0,0,0,3,3,10,2,1,0,152,0,0,0,1,47,71,-999,104,4.6443911,0,-2.2,,,,,,,,,1,,,,,,,,,,,,,,,3.5,75.9,0,10,1,829,309,0.23,0,1,99.8,3,-200002,neither,0,0,21.8,0,-999,-999,1,5,1,23.5,15893219,2,0.018518519,5,2/Muslim,0/notFree,27.1,3,3,,20,3,3,-999,0.009,25,0,1936,4,4.582575695,,45.5,2.85,,5
Sudan,open,38,3.428431208,425214336,,2.971257678,4.922198802,3.956806753,47.05750684,55.37083444,3.365739196,34.5,45.4,397.77,530001,77.112,30.8703,124300,1.647957233,7.672523392,8.996003871,4464.620435,-2.503537273,22.09492938,590,61.68764114,,30.51643192,58.4,0.13,,,,,,16245.35631,42.67489954,48.43899918,1055489,2.391434033,20.87792437,0.0000431678,192.3030008,Developing,0,1,LowMid,0,1,nAfrica,0,-999,war,0,0,5.4,67,1861484,33.8,31352,-10.6,16030000,33.1,19540,9440,95000,5000000000,-4811000000,6.5,56050000000,,12120000000,0,44,51,0,3437000,0,6,13990000000,4100000000,,1208.4,-2.3,12.1,2300,8220000000,4.5,41.8,50.2,13311404,11920000,66.5,295,18.3,15,1.6,0,0,0,0,84950000000,-0.4,6.6,46000,141922,34198859,2.69,45561556,121.6,7251,8541,24340,112000,94830,198000000,31000,18.5,4.72,19.6,,4068,1/Britain,67,N/A,N/A,C,N/A,N/A,N/A,N/A,N/A,0,0,0,0,0,0,0,3,3,10,6,0,0,105,0,0,0,0,44,45,-999,2967,7.9953065,0,-1.6,18.00793707,,,,,,57,,1,40,90,80,80,40,80,60,40,33,60,60,40,40,57,51,42.02,0,11,6,295,10683,2.618,1,1,90.7,7,-250001,neither,0,0,26,0,-999,94.05,3,-4,3,23.258,43849269,3,0.018518519,28,2/Muslim,0/notFree,25.7,2,3,,21,2,2,0,0.51,44,0,1444,4.69041576,5.196152423,,34.9,2.71,-999,28
Tanzania,open,77,1.760765468,434802383.5,,4.36441363,14.70677542,8.344200905,18.83683977,29.07664051,2.549239831,29.5,43.8,602.71,1498093,82.2082,25,28000,1.316926885,15.14027774,17.09866326,673.2287879,5.791371376,4.683778632,1080,68.00881958,3.696439981,36.8956743,50.3,2.57,25.37887822,49.4,40.5,26.4,2.72,5624.15079,91.10009936,83.41200256,242171,2.951681673,29.36531473,0.0000228833,159.7337056,Developing,0,1,Low,0,1,eAfrica,0,1,none,0.071428575,1,61.4,166,947300,34.6,861234,-1.8,14570000,14.6,0,0,0,0,-1313000000,5.17,17660000000,3.4,5682000000,0,55,40,102000000,1457000,0,6,6699000000,7827000000,,1044.1,7,25,27000,9972000000,12,31.51,3.4,13862836,24890000,69.9,524,18.2,315,1.3,3115000000,0,0,3115000000,6513000000,-0.44,8.4,1700000,74081,46847405,2.81,58552845,37,4567,0,67830,72000,0,5301000000,87581,15.2,4.45,10.3,3.9,,1/Britain,237,N/A,N/A,N/A,N/A,N/A,N/A,N/A,N/A,53,0.088726372,3,0.005022247,0.004043127,0,0,3,1,6,7,1,1,75.05,0,0,3,0,47,59,1,933,6.8384051,75,-0.8,43.24949086,0.619799435,0.82153976,0.109668687,3.476200104,0.688933194,51,,1,53,60,60,60,53,40,40,53,53,60,50,40,40,51,3.5,37,0,4,6,524,742,0.14,0,0,35.2,8,-200381,neither,35,1,17.9,0,-999,58.46,1,3,1,64.699,59734213,3,0.685185185,40,1/Africa,1/partFree,29.2,0,1,52.9,10,2,1,0,11.27,,0,3025,4.123105626,3.464101615,13.3,34.5,4.24,3,2
Togo,saho,63,2.428165928,458478354.6,,5.505763705,6.843382218,14.33932667,22.35375204,35.73133561,5.452186526,2.5,48.2,86.06,640683.272,77.195,12.3602,9550,3.124631677,30.06151745,41.59308707,1060.775679,5.338669812,11.16749076,690,87.42386627,5.369569778,16.48351648,66.9,0.9,78.11826368,51.1,43.1,55.1,2.64,3560.145312,96.63145246,77.59200287,11964,2.420335208,15.422428,0.0000596327,117.9703261,Developing,0,1,Low,0,1,wAfrica,0,1,none,0.055646483,0,43.7,8,56785,32,26156,-3.8,2651000,15.2,0,0,0,0,-383000000,4.95,1442000000,5.4,1261000000,0,70,29,1140000000,230000,0,1,232600000,1862000000,,654.8,4.9,16.1,3000,2911000000,5,12.73,0.6,1010609,2595000,77.29,396,20,415,3.1,0,0,0,0,0,-17.96,8.4,120000,45311,6477816,-0.23,8608444,75.7,568,0,13100,15000,0,77800000,11734,21.5,2.81,6.9,3.9,50,2/France,37,N/A,N/A,N/A,N/A,N/A,N/A,N/A,N/A,34,0.41069067,1,0.012079137,0.001636661,0,0,4,0,8,7,1,0,114.9,0,0,0,0,37,58,0,613,6.418365,66.666664,-1.1,17.65720099,0.757733464,0.649828613,0.002667875,4.187200069,0.551312625,39,,1,27,40,60,40,60,70,20,40,27,60,40,0,20,39,0.7,46.99,0,5,7,396,611,0.774,0,0,14,3,-9999,neither,2,1,23.6,,-999,58.77,2,-2,3,143.366,8278737,2,0.537037037,5,1/Africa,1/partFree,29.2,0,0,,13,2,2,2,2.46,43,1,3969,1.732050808,1.414213562,7.6,42.2,2.96,3,12
Tunisia,saho,50,2.0882542,2049663194,21.91741237,2.096689332,15.74075356,3.775394242,99.57799065,37.65599375,22.07555862,9,60.7,5564.86,4335325,126.305,66.7,47800,2.556073214,49.29843208,60.07896702,10279.56151,1.043045338,3.286419711,3370,95.0537796,6.596010208,22.58064516,16.9,0.09,,0.2,32.8,15.2,11.17,36645.69368,34.24452478,46.12400055,1732,1.113643743,11.94736521,0.0000940493,119.2295608,Developing,0,0,LowMid,0,0,nAfrica,0,0,none,0.001947354,0,0.2,29,163610,15.9,1014395,-5.8,23420000,1.6,39980,17580,39000,425000000,-4191000000,6.4,30190000000,6.6,15270000000,500000000,94,1,134000000,5768000,0,5,18440000000,13820000000,,3449.6,2.5,12,,19090000000,0.5,11,6.7,7392242,4054000,76.3,43,32.7,69,2.6,5125000000,0,3851000000,1274000000,65130000000,-1.4,26.9,6500,1444631,14679917,0.85,11721177,70.3,2173,13660,85340,102000,27770,5594000000,,24.7,2.06,15.5,35,,2/France,35,N/A,N/A,BB,B,N/A,B1,N/A,N/A,29,0.24537556,0,0,0,0,0,1,0,2,7,0,0,57.39,0,0,2,0,33,51,0,3474,8.1530619,0,-0.1,57.1216464,0.867590249,0.593361557,-0.216413811,4.392199993,0.688718557,71,,0,73,70,100,60,100,80,60,73,73,60,50,80,40,71,6.7,14.61,0,2,7,43,14892,13.025,0,1,99.5,2,-20000,minCons,10,0,16.1,0,-999,39.46,1,7,0,74.228,11818618,3,0.074074074,-999,2/Muslim,1/partFree,22.8,0,1,,4,0,1,1,2.12,70,0,2500,3.16227766,3.872983346,26,69.2,0.29,2,3
Uganda,saho,60,3.600230726,1424508663,,6.066952315,4.852936751,9.640117484,38.01845831,50.49432132,2.575553873,24,33.7,673.07,19822.5,57.2726,23.7065,46000,2.050106329,17.19809295,22.36779455,935.6791863,6.803326813,7.467531597,780,52.67176056,2.130520105,34.8583878,45.8,2.61,,41.5,42.8,21.4,3.2,5922.248674,90.6346008,70.33699799,1359458,3.555740529,18.53562293,0.0000312525,111.1282533,Developing,0,1,Low,1,1,eAfrica,0,1,twenty,0.004336514,1,86.7,47,241038,42.3,9485,-4.1,4703000,10.4,0,0,0,2500000000,-1212000000,5.17,10800000000,2.1,3106000000,121000000,19,68,50000000,1020000,0,12,3463000000,7686000000,,704.4,8.9,20.6,21000,9991000000,4.4,31.49,2.8,9620681,15840000,68.58,375,15.7,,2.1,0,0,0,0,14160000000,-3.37,5.3,1500000,184065,23957740,3.31,43252966,40,1244,0,31490,32000,0,3654000000,20544,14.5,5.45,9.4,14.8,,1/Britain,200,N/A,N/A,N/A,B+,N/A,B2,B,N/A,30,0.065586671,0,0,0,1,18,4,1,9,7,0,0,73.89,0,0,0,0,52,137,1,646,6.4707994,40,-0.6,15.69882184,0.836737812,0.731713951,0.099487431,4.43200016,0.764994621,66,,1,53,50,60,40,87,80,80,80,67,80,40,80,60,66,2.9,34.6,0,5,6,375,6918,1.68,1,0,11.5,5,843469,neither,3,0,21.9,0,0,60.75,2,-1,2,213.759,45741000,3,0.425925926,32,1/Africa,1/partFree,29,1,1,49.9,14,2,1,,15.09,45,0,3600,0,2.236067977,9.8,24.4,5.54,4,32
Zambia,open,32,2.350807483,98259100,,3.828864547,31.26626585,7.343625415,10.96800044,27.43803476,3.286433441,8.5,15.6,213.07,17505.68964,96.4144,14.3,16100,1.211039086,34.63616121,34.15488153,575.860372,1.441784548,19.11167072,1430,,4.618090153,17.96407186,61.7,6.03,,58.7,57.1,54.4,2.87,9454.902155,88.99034593,74.61499786,57518,2.892372927,7.432928575,0.0000612275,174.7347222,Developing,0,1,LowMid,1,1,sAfrica,0,0,none,0,1,97.6,88,752618,40.4,43365,-7.3,3777000,11.8,0,12860,,0,-1006000000,9.27,11660000000,4.6,11040000000,1176000000,5,93,2185000000,2573000,0,2,11550000000,8216000000,,1572.3,4.1,38.3,17000,7852000000,4.7,26.82,9.1,2351646,6898000,65.04,213,16.9,,,0,0,0,0,0,-0.12,8.1,1200000,91422,16322168,0.95,17426623,63.1,3126,371,10150,23000,13120,2082000000,67671,17.4,2.2,15,24,2250,1/Britain,333,N/A,N/A,N/A,RD,N/A,B2,CCC,N/A,0,0,0,0,0,0,0,3,2,5,7,0,0,63.39,0,0,0,0,49,64,0,1513,7.3218498,0,-0.6,38.63300979,0.801289678,0.806500256,0.078037128,3.759399891,0.698824465,60,,1,67,80,60,40,47,70,80,67,67,40,80,40,40,60,9.2,43.36,0,7,7,213,20591,11.867,0,0,0.5,8,-40000,neither,0,0,17.9,0,-999,50.35,0,6,2,22.995,18383956,2,0,6,1/Africa,1/partFree,,0,2,,12,2,1,,6.54,53,0,1024,5.291502622,5.744562647,14.7,44,11.34,3,2
Zimbabwe,saho,60,1.30592393,1729883840,,3.495055595,,15.80389705,19.99774965,22.25167109,3.753889791,27,31.6,359.33,,90.1023,27.0555,51000,0.698600973,19.0006092,31.00475225,413.615966,-8.100000199,5.74518718,1390,,5.871349812,31.85185185,54.6,4.87,,33.9,44.3,38.3,3.92,6207.658752,87.76646043,83.09899902,8956,1.419681046,,0.0000362347,110.2108839,Developing,0,0,LowMid,1,0,sAfrica,0,1,none,0.002313285,1,87,196,390757,33.6,203056,-9.6,12060000,9.7,0,0,,0,-716000000,9.3,9357000000,5.9,7118000000,1239000000,58,37,2220000000,2122000,0,5,6800000000,4422000000,,1683.8,4.8,23.3,20000,7215000000,0.3,30.3,241.7,3796618,7907000,62.3,458,20.5,,,0,0,0,0,0,-5,15.5,1400000,258419,12863830,1.87,14546314,82.3,3427,0,26400,27000,0,431800000,97267,21.5,3.93,11.3,16.5,,1/Britain,199,N/A,N/A,N/A,N/A,N/A,N/A,N/A,N/A,7,0.04709705,1,0.00672815,0.000330469,0,0,4,2,9,7,0,0,66.67,1,0,0,0,51,54,1,1091,6.9948502,25,-1.2,51.61579251,0.81023699,0.711457908,-0.072063953,3.299200058,0.763092756,50,,1,53,50,80,80,60,70,60,27,40,20,30,40,40,50,0.9,39.27,0,8,6,458,3026,2.096,0,0,0.9,4,-584288,neither,0,0,19.3,0,0,61.88,3,4,3,42.729,14862927,3,0.425925926,36,1/Africa,0/notFree,34.7,0,2,85.2,17,2,1,0,4.67,54,0,3600,0,2.236067977,13.9,32.2,7.8,1,30
