country,sahoStatusEHA,dayNum,BXKLTDINVWDGDZS,BXTRFPWKRCDDT,CMMKTLCAPGDZS,DTODAODATGNZS,DTTDSDECTEXZS,EGEGYPRIMPPKD,EGELCACCSRUZS,ENATMPM25MCM3,FBCBKBRCHP5,ICREGDURS,ICTAXTOTLCPZS,IPJRNARTCSC,ISAIRPSGR,ITCELSETSP2,ITNETUSERZS,MSMILTOTLP1,MSMILXPNDGDZS,NEEXPGNFSZS,NEIMPGNFSZS,NVAGREMPLKD,NYGDPMKTPKDZG,NYGDPTOTLRTZS,NYGNPPCAPCD,SEPRMCMPTZS,SEXPDTOTLGDZS,SGGENPARLZS,SHDYNMORT,SHHIVINCDZS,SHSTASMSSZS,SIPOVDDAY,SIPOVGINI,SIPOVNAHC,SISPRPCAP,SLGDPPCAPEMKD,SLTLFCACTFMZS,SLTLFCACTZS,SMPOPREFG,SPPOPGROW,STINTRCPTXPZS,TGVALTOTLGDZS,TTPRIMRCHXDWD,UHC,allhouse,armedConflict,casesMD,christCountry,christPct,ciaAirports,ciaArea,ciaBirthRate,ciaBroadbandFixedSubs,ciaBudgetSurplusDeficit,ciaCarbDioxEmsCons,ciaChildUnder5Underwt,ciaCrudeOilExports,ciaCrudeOilImports,ciaCrudeOilProduction,ciaCrudeOilProvedReserves,ciaCurrentAcctBalance,ciaDeathRate,ciaDebtExternal,ciaEducationExpenditures,ciaElectyConsump,ciaElectyExports,ciaElectyFossilFuels,ciaElectyHydroPlants,ciaElectyImports,ciaElectyInstallGenCap,ciaElectyNukeFuels,ciaElectyOthRenew,ciaElectyProduction,ciaExports,ciaFields,ciaGDPPerCapitaPPP,ciaGDPRealGrowthRate,ciaGrossNationalSaving,ciaHivAidsDeaths,ciaImports,ciaIndustProdGrowthRate,ciaInfantMortalityRate,ciaInflationRateConsPrices,ciaInternetUsers,ciaLaborForce,ciaLifeExpectancyAtBirth,ciaMaternalMortalityRate,ciaMedianAge,ciaMerchantMarine,ciaMilitaryExpends,ciaNatGasConsum,ciaNatGasExpts,ciaNatGasImpts,ciaNatGasProd,ciaNatGasProvResvs,ciaNetMigrationRate,ciaObesityAdultPrevRate,ciaPeopleWithHivAids,ciaPhonesFixed,ciaPhonesMobile,ciaPopGrowRate,ciaPopulation,ciaPublicDebt,ciaRailways,ciaRefPetrolProdExports,ciaRefPetrolProdsImports,ciaRefdPetrolProdsConsump,ciaRefinedPetrolProductsProd,ciaReservesForeignExchangeGold,ciaRoadways,ciaTaxesOtherRevenues,ciaTotalFertilityRate,ciaUnemploymentRate,ciaUnemploymentYouth1524,ciaWaterways,colLeg_n2,comDis,creditChegxin,creditDBRS,creditDagong,creditFitch,creditJCR,creditMoodys,creditSP,creditScope,cumCasesLag1,cumCasesLag1P100KC,cumDeathsLag1,cumDeathsLag1P100KC,deathsMD,ebolaCasesDum,ebolaCasesN,ecoeff,ecoleg,effect,eiec,envMort,execnat,execrel,execrlc,exelec,firstCase,firstDeath,fraud,gdpPerCap,gdpPerCapLn,geoDiff,geoDiffXdayNum,govEffInd,govHlthSpd,hlthRisks,hlthWork,idaEligible,ihr01,ihr02,ihr03,ihr04,ihr05,ihr06,ihr07,ihr08,ihr09,ihr10,ihr11,ihr12,ihr13,ihrTotal,inflation,kidMort,legelec,legit,liec,matMort,medDocsN,medDocsPC,military,muslimCountry,muslimPct,nNeighbors,netMigration,netOilProd,newCases,newDeaths,nonComDis,oppmajh,oppmajs,percent1,poleff,polity,polleg,popDen,population,prepStatus,prtyin,regEff,regTypeFH_n,roadInj,seceff,secleg,sexHlth,sfi,soceff,socleg,state,subAbuse,svcCovInd,system,tempDiffS,tobCont,urbanPop,vacCov,yrcurnt,yrsoffc
Burundi,open,20,.0346893868762326,48328632,,14.78228853163409,9.710181705869987,7.72218437489304,3.43518375552102,38.8962679482295,3.22270804156733,5,41.2,21.12,,57.6156,2.66075,51050,1.76513100608552,9.131191568901574,32.72616867073746,183.8515384930983,1.84247667669986,11.2142533660784,280,59.3764190673828,5.07864999771118,36.3636363636364,56.5,.2,,,,,,1764.444626396421,103.3603591096848,79.1539993286133,78465,3.12896711408085,1.367914795759357,.0000354210286015,147.3396173,,1,war,0,1,91.5,7,27830,36.5,3935,-5.7,217000,27.2,0,0,0,0,-418000000,12.96,610900000,5.1,382700000,0,14,73,100000000,68000,0,14,304000000,279000000,,294,.1,-5.3,1800,1040000000,-2,3.31,-.6,298684,5012000,74.01000000000001,548,17.7,,1.8,0,0,0,0,0,.72,5.4,85000,20758,6644833,-.29,11865821,51.7,,0,1374,1500,0,97400000,12322,15.8,1.51,,2.9,,3/neither,107,N/A,N/A,N/A,N/A,N/A,N/A,N/A,N/A,0,0,0,0,0,0,0,4,2,12,7,100.2,1,0,0,0,62,76,0,290,5.6698809,0,0,-1.4,24.7139275074005,48,,1,33,50,60,40,60,70,60,30,40,40,40,40,60,48,-.7,41.17,0,9,7,548,1084,1.001,0,0,2.8,3,10003,neither,0,0,22.9,0,0,73.91,3,-1,3,423.062,11890781,2,-999,1/Africa,0/notFree,34.7,2,2,39.3,21,3,2,1,7.19,42,0,6.324555320336759,12.6,13.4,9.050000000000001,3,12
Egypt,open,22,2.972725250361685,26781400000,14.58296912988745,.8477636984099707,16.09796713789645,3.51107011031528,100,86.99945205032721,6.64388915234769,12.5,44.4,13326.67,12959679.654,94.9717,57.2829,835500,1.1804530017153,17.49995302782632,25.7651767093174,5852.993628320841,5.557683887915928,6.91132839002778,2690,104.609298706055,,14.9328859060403,20.3,.09,60.7405279186915,3.8,31.5,32.5,5.06,42923.82689766264,30.95345625841184,46.4129981994629,258391,1.97628434808829,24.61085108774867,.0000329642207316,152.0270581,,0,war,.0000224709,0,5.1,83,1001450,27.2,6579762,-8.6,232700000,7,246500,64760,639000,4400000000,-8915000000,4.36,77470000000,,159700000000,1158000000,91,6,54000000,45120000,0,2,183500000000,87891000000,,2537.5,5.3,9,,115345000000,3.5,18.25,9.300000000000001,46644728,24113000,74.01000000000001,37,24.1,402,1.2,57710000000,212400000,7079000000,50860000000,2186000000000,-.34,32,26000,8885103,96657295,2.17,104124440,103,5085,47360,280200,878000,547500,35890000000,65050,17.9,3.23,7.86,29.6,3500,1/Britain,12,N/A,N/A,B-,B+,N/A,B2,B,N/A,1,.00097718847,0,0,0,0,0,2,0,5,6,73.26000000000001,1,3,0,0,16,39,1,2000,7.6009026,0,0,-.6,32.9952418804169,83,,0,93,90,80,80,73,100,80,100,93,60,90,60,80,83,14.4,17.94,0,5,6,37,44502,4.521,1,1,94.90000000000001,2,-190164,neither,0,0,27.7,,-999,96.91,2,-4,3,97.999,102334403,4,6,2/Muslim,0/notFree,9.699999999999999,0,2,,10,1,0,1,.36,68,0,6.164414002968976,21.4,42.7,.28,2,1
Mauritania,open,24,-11.62479930798491,64458913.6407564,,6.378526691763805,14.07120079761305,3.58604838368407,.6332271194228,47.4229917763898,10.9160002410617,6,67,20.32,386621,104.09,20.801,20850,2.81895547123998,39.99784887940567,53.03794628264189,1908.346208560557,5.931442088595532,16.1766720544854,1660,72.90972900390631,1.89546000957489,20.2614379084967,72.90000000000001,,,,,,,20831.71354712998,45.75370746465857,45.8839988708496,84901,2.7412802727648,.291008929085353,.0000704412794771,139.6664893,,0,none,0,0,.3,30,1030700,29,13222,-.8,2615000,19.2,5333,0,4000,20000000,-711000000,7.54,4150000000,1.9,1059000000,0,65,16,0,558000,0,20,1139000000,321000000,,1730.4,3.6,24.2,,318000000,1,52.05,2.2,798809,1437000,64.86,766,21,5,2.8,0,0,0,0,28320000000,-.74,12.7,5700,53742,4083199,2.02,4005475,96.59999999999999,728,0,17290,17000,0,875000000,12253,27.4,3.59,10.2,15.2,,2/France,89,N/A,N/A,N/A,N/A,N/A,N/A,N/A,N/A,0,0,0,0,0,0,0,3,3,8,6,87.61,0,0,0,0,45,64,0,1129,7.0290875,0,0,-.7,38.8010203838348,35,,1,33,60,80,20,47,40,20,27,33,20,20,20,40,35,2.3,51.38,0,8,7,766,821,1.865,1,1,99.09999999999999,3,25002,minCons,0,0,18.1,0,-999,81.94,3,-2,2,4.289,4649660,2,8,2/Muslim,0/notFree,24.7,0,1,30.4,16,2,2,,.036,41,0,6,,54.5,4.14,2,10
Mozambique,open,26,14.26135841394371,299567589.191752,,12.50686616389328,16.41888792804608,17.3105745223817,7.99328809374314,21.2986954591341,4.10223430885018,17,36.1,139.25,587364,47.7158,10,11200,.8951816268602499,41.01132225217229,75.53582895314082,435.1149185677517,2.28359720301215,15.7634015411652,490,54.7286911010742,5.49984979629517,41.2,74.2,8.94,,,,,,3048.111366341635,97.81786078935289,78.0970001220703,4713,2.90713743750143,5.539972557010684,.000079802774931,102.2973728,,1,none,0,1,56.7,98,799380,38.6,70142,-5.6,11120000,15.6,0,0,0,0,-3025000000,10.59,10910000000,5.5,11570000000,12880000000,16,83,9928000000,2626000,0,1,18390000000,3349000000,,498.9,3.4,16.8,51000,7371000000,4.9,63.03,2.7,2855670,12900000,56.49,289,17,29,,1841000000,4162000000,0,6003000000,2832000000000,-1.62,7.2,2200000,61575,13992090,2.58,30098197,102.1,4787,0,25130,26000,0,3361000000,31083,26.7,4.89,24.5,7.4,460,3/neither,361,N/A,N/A,N/A,CCC,N/A,Caa2,CCC+,N/A,0,0,0,0,0,0,0,3,2,5,7,64.22,1,0,3,0,53,117,0,426,6.0544395,0,0,-.9,29.8636168241501,60,,1,47,40,80,60,73,80,80,67,53,80,40,40,40,60,2.8,56.37,0,6,7,289,2473,.838,0,0,18,6,-25000,neither,0,0,18.4,0,-999,57.03,0,5,0,37.728,31255435,3,39,1/Africa,1/partFree,30.1,0,2,50.4,11,2,2,1,2.3,46,0,5.830951894845301,14.4,36.5,5.9,2,3
Comoros,open,27,.6741568997039023,135189373.28746,,7.305012020360689,3.10008683935656,4.6913729905816,76.9863474245396,20.5468245996681,3.67783696729435,16,219.6,3.28,,67.6022,8.47817,,,12.80956693038619,29.26610026425661,2901.799122384639,1.986109516578736,1.39008081079156,1400,76.7200775146484,2.5450599193573,6.06060606060606,62.9,.01,,,,,,12170.49852037028,73.24550127258424,43.2809982299805,,2.20587743735692,50.43511597404908,.0000234165937933,80.65635555,,,none,0,0,.5,4,2235,23.6,1531,-6.5,193600,16.9,0,0,0,0,-27000000,8.26,199800000,2.5,39060000,0,96,4,0,27000,0,0,42000000,161000000,,1400.5,3,17.3,,471000000,1,11.15,1,69635,278500,76.31,273,20.9,244,,0,0,0,0,0,-.43,7.8,,9840,563722,.26,846281,32.4,,0,1241,1300,0,208000000,880,25.3,1.6,6.5,19.5,,2/France,35,N/A,N/A,N/A,N/A,N/A,N/A,N/A,N/A,0,0,0,0,0,0,0,3,3,7,7,93.66,0,0,0,0,93,96,0,1329,7.1921821,0,0,-1.6,12.7480328083038,27,,1,27,20,60,60,27,40,20,33,0,40,10,20,0,27,-4.3,49.68,0,5,7,273,216,2.715,0,1,98.3,0,-10000,neither,0,0,22.9,0,-999,15.1,2,-3,0,437.352,869595,1,1,2/Muslim,1/partFree,26.5,0,0,,12,2,2,1,.69,52,0,5.744562646538029,19.5,29.2,8.26,4,1
Zambia,open,32,2.350807482853361,98259100,,3.828864547082202,31.26626585275726,7.34362541470335,10.9680004414348,27.438034758712,3.28643344145632,8.5,15.6,213.07,17505.6896363636,96.4144,14.3,16100,1.21103908630006,34.63616121205263,34.15488152731412,575.860371977264,1.441784548422191,19.1116707201319,1430,,4.61809015274048,17.9640718562874,61.7,6.03,,58.7,57.1,54.4,2.87,9454.902155457174,88.99034593453183,74.6149978637695,57518,2.89237292696711,7.432928574888285,.0000612275350559,174.7347222,,0,none,0,1,97.59999999999999,88,752618,40.4,43365,-7.3,3777000,11.8,0,12860,,0,-1006000000,9.27,11660000000,4.6,11040000000,1176000000,5,93,2185000000,2573000,0,2,11550000000,8216000000,,1572.3,4.1,38.3,17000,7852000000,4.7,26.82,9.1,2351646,6898000,65.04000000000001,213,16.9,,,0,0,0,0,0,-.12,8.1,1200000,91422,16322168,.95,17426623,63.1,3126,371,10150,23000,13120,2082000000,67671,17.4,2.2,15,24,2250,1/Britain,333,N/A,N/A,N/A,RD,N/A,B2,CCC,N/A,0,0,0,0,0,0,0,3,2,5,7,63.39,0,0,0,0,49,64,0,1513,7.3218498,0,0,-.6,38.6330097913742,60,,1,67,80,60,40,47,70,80,67,67,40,80,40,40,60,9.199999999999999,43.36,0,7,7,213,20591,11.867,0,0,.5,8,-40000,neither,0,0,17.9,0,-999,50.35,0,6,2,22.995,18383956,2,6,1/Africa,1/partFree,,0,2,,12,2,1,,6.54,53,0,5.291502622129181,14.7,44,11.34,3,2
Eritrea,open,38,,,,,,4.8289725556255,34.5870286550019,48.0301986806015,,84,83.7,21.37,101357.3758656,20.364,1.30891,201750,,,,,,,,60.2705116271973,,22,40.5,.15,,,,,,,83.60320150013644,78.38800048828131,199,,,,87.49763373,,1,twenty,0,1,62.9,13,117600,27.9,600,-9.800000000000001,597100,39.4,0,0,0,0,-137000000,6.79,792700000,,353900000,0,99,0,0,160700,0,1,415900000,624300000,,1985.4,4.2,5.5,,1127000000,5.4,42.39,9,78215,2710000,66.51000000000001,480,20.3,9,,0,0,0,0,0,-10.84,5,14000,116882,1226660,.98,6081196,131.2,306,0,3897,4000,0,236700000,16000,34.9,3.65,5.8,,,3/neither,86,N/A,N/A,N/A,N/A,N/A,N/A,N/A,N/A,0,0,0,0,0,0,0,4,2,9,2,95.47,0,0,0,0,52,137,-999,1146,7.0440331,0,0,-1.7,27.2490590810776,49,,1,20,60,80,20,53,50,80,20,80,80,50,20,20,49,-16.37,31.32,0,6,2,480,212,.628,0,0,36.6,3,-199290,neither,0,0,23.9,0,0,-999,2,-7,0,44.304,3546427,2,24,1/Africa,0/notFree,25.3,0,3,,15,3,1,0,1.44,38,1,4.69041575982343,7.2,40.7,8.74,-999,24
Sudan,open,38,3.428431207682359,425214336,,2.971257678213615,4.922198802003373,3.95680675257557,47.0575068360152,55.3708344433937,3.36573919574596,34.5,45.4,397.77,530001,77.112,30.8703,124300,1.64795723277984,7.672523392037873,8.996003871486588,4464.620434524462,-2.503537272629473,22.0949293784341,590,61.6876411437988,,30.5164319248826,58.4,.13,,,,,,16245.35631307464,42.67489954095196,48.4389991760254,1055489,2.39143403307158,20.87792437291272,.0000431678403239,192.3030008,,-999,war,0,0,5.4,67,1861484,33.8,31352,-10.6,16030000,33.1,19540,9440,95000,5000000000,-4811000000,6.5,56050000000,,12120000000,0,44,51,0,3437000,0,6,13990000000,4100000000,,1208.4,-2.3,12.1,2300,8220000000,4.5,41.8,50.2,13311404,11920000,66.5,295,18.3,15,1.6,0,0,0,0,84950000000,-.4,6.6,46000,141922,34198859,2.69,45561556,121.6,7251,8541,24340,112000,94830,198000000,31000,18.5,4.72,19.6,,4068,1/Britain,67,N/A,N/A,C,N/A,N/A,N/A,N/A,N/A,0,0,0,0,0,0,0,3,3,10,6,105,0,0,0,0,44,45,-999,2967,7.9953065,0,0,-1.6,18.0079370737076,57,,1,40,90,80,80,40,80,60,40,33,60,60,40,40,57,51,42.02,0,11,6,295,10683,2.618,1,1,90.7,7,-250001,neither,0,0,26,0,-999,94.05,3,-4,3,23.258,43849269,3,28,2/Muslim,0/notFree,25.7,2,3,,21,2,2,0,.51,44,0,4.69041575982343,,34.9,2.71,-999,28
Nigeria,open,39,.7362051070425688,23809281401.0144,9.80129384233952,.8714198219618696,7.09381362850324,5.67956070545213,30.9508458743352,71.79817437533259,4.30191345199514,7.2,34.8,5602.28,6539048.35309011,88.1842,42,223000,.460792414766158,14.22092679124426,19.80295104046654,6154.488794964811,2.208429277158203,11.4838700752278,2030,,,3.38028169014084,117.2,.78,26.6546207082104,39.1,35.1,40.1,,18755.83312078522,82.71620155153208,52.9070014953613,54157,2.5648418857943,2.993694676487629,.000026284898526,168.4183097,,1,war,.000013415076,0,49.3,54,923768,34.6,73965,-1.8,104000000,21.8,2096000,0,1989000,37450000000,10380000000,5.16,40960000000,,24720000000,0,80,19,0,10520000,0,0,29350000000,1146000000,,2153.5,1.9,18.2,45000,32670000000,2.2,19.57,11.3,85450052,60080000,74.51000000000001,917,18.6,728,,17240000000,27210000000,0,44480000000,5475000000000,-2.27,8.9,1800000,146075,184013243,.9300000000000001,214028302,21.8,3798,2332,223400,325000,35010,38770000000,195000,3.4,1.81,16.5,13.8,8600,1/Britain,219,N/A,N/A,BB+,B-,N/A,B2,B-,N/A,1,.00048510818,0,0,0,1,20,3,3,9,7,158.6,0,0,3,0,29,54,1,1968,7.5847731,0,0,-1,14.1832575201988,51,,1,53,100,60,40,47,70,60,47,33,20,50,20,60,51,11.4,75.74,0,9,7,917,74543,3.806,0,0,48.8,4,-300000,prod,0,0,22.5,0,0,53.96,2,7,1,209.588,206139587,3,2,1/Africa,1/partFree,21.4,2,3,26.3,18,2,2,2,10.84,42,0,4.58257569495584,4.8,51.2,2.43,2,2
Congo,open,40,27.43928774100536,7704784.23041959,,1.25643493229333,6.46420990691189,4.01614200972051,20.1895811049718,46.6382202758892,4.04440895850066,49.5,54.3,66.68000000000001,541787.136860717,95.34050000000001,8.65,12000,2.66289875872558,69.08843007401636,53.1609994991374,1049.601967781568,-3.544130305841549,54.9163561158019,1720,,3.51104998588562,11.2582781456954,47.8,2.5,,,,,,9993.375849099639,94.58792391593228,69.447998046875,25668,2.5629008034182,.9333393933463617,.0000838972120318,188.8520534,,0,twenty,0,1,88.5,27,342000,32.6,,-7,5239000,12.3,254100,0,340000,1600000000,-1128000000,12.01,4605000000,3.5,912000000,22000000,64,36,18000000,591500,0,0,1696000000,4193000000,,2702.6,1,19.5,4500,2501000000,-3,84.22,2.2,437865,2055000,55.07,378,19.5,11,2.7,1387000000,0,0,1387000000,90610000000,-3.28,9.6,100000,17076,4933529,1.79,5293070,130.8,510,5766,7162,17000,15760,505700000,23324,22.5,4.09,36,,1120,3/neither,373,N/A,N/A,N/A,N/A,N/A,Caa1,B-,N/A,0,0,0,0,0,0,0,2,2,5,7,72.8,0,0,3,0,46,62,0,2146,7.671361,0,0,-1.2,40.7357543706894,33,,1,33,60,20,40,20,50,60,20,20,40,20,20,20,33,2.2,35.73,1,8,7,378,723,1.645,1,0,1.2,5,-20000,prod,0,0,16.7,0,0,60.19,2,-4,2,15.405,5518092,3,20,1/Africa,0/notFree,27.4,0,2,38.5,13,1,2,1,9.27,39,0,4.47213595499958,16.1,67.40000000000001,2.26,6,20
DemRepCongo,open,43,2.68050441477657,2076317927.82742,,5.509979408236636,8.392294712505089,20.937,,44.9092635986842,1.02909513498086,7,50.7,148.72,550457.892628576,42.7733,8.6199,134250,.6738169002465371,30.10525162534805,33.06858917745799,333.7475912764607,4.384528881038818,25.5192509489693,530,69.9111709594727,1.45494997501373,10,84.8,.31,,,,,,3345.659886639785,91.64063124283092,63.4620018005371,523733,3.18708630238904,.3762053061653478,.0000257932689246,132.3246801,,-999,war,.00034293553,1,95.8,198,2344858,41,4620,-.9,3146000,23.4,20000,0,17000,180000000,-200000000,8.550000000000001,4963000000,1.5,7430000000,422000000,2,98,20000000,2587000,0,0,9046000000,21160000000,,560.8,5.8,11.5,15000,19500000000,1.6,49.28,41.5,8231357,20692000,61.69,473,16.7,21,,0,0,0,0,991100000,0,6.7,520000,0,42166976,2.36,101780263,18.1,4007,0,21140,21000,0,457500000,152373,11.2,4.41,,8.699999999999999,15000,3/neither,320,N/A,N/A,CCC,CCC,N/A,Caa1,CCC+,N/A,2,.0022331048,0,0,0,1,3639,4,3,13,7,100.7,0,0,0,0,41,52,0,462,6.1355648,11.111111,477.77777,-1.6,9.949006885290149,35,,1,27,60,60,20,40,40,60,33,27,20,30,20,20,35,2.9,67.89,0,11,7,473,5832,.74,1,0,1.5,9,119303,neither,0,0,19.4,0,0,45.95,3,-3,3,35.879,89561404,3,-999,1/Africa,0/notFree,33.7,3,3,,24,3,2,,2,41,0,4.123105625617661,,4.6,5.14,0,17
Somalia,open,44,,,,,.0542342990654206,,14.6366178165838,32.0345842282344,,70,,9.74,34065.5568461863,48.7964,2.00405,19800,,22.66873739289332,111.3208526529756,,,,,,,24.3636363636364,117,.04,,,,,,,29.55440698326424,47.3979988098145,17882,2.85560211622181,,,98.65087474000001,,-999,war,0,0,.1,52,637657,38.7,92000,-.1,852500,23,0,0,0,0,-464000000,11.82,5300000000,,315300000,0,93,0,0,85000,0,7,339000000,819000000,,99.59999999999999,3.1,,,94430000000,3.5,88.03,1.5,225181,4154000,55.32,829,18.5,4,,0,0,0,0,5663000000,-2.98,8.300000000000001,11000,74800,5612338,2.35,11757124,76.7,,0,5590,5600,0,30450000,15000,2.1,5.41,,,,1/Britain,258,N/A,N/A,N/A,N/A,N/A,N/A,N/A,N/A,0,0,0,0,0,0,0,3,3,10,2,152,0,0,0,1,47,71,-999,104,4.6443911,0,0,-2.2,,,,1,,,,,,,,,,,,,,,3.5,75.90000000000001,0,10,1,829,309,.23,0,1,99.8,3,-200002,neither,0,0,21.8,0,-999,-999,1,5,1,23.5,15893219,2,5,2/Muslim,0/notFree,27.1,3,3,,20,3,3,-999,.009,25,0,4,,45.5,2.85,,5
Botswana,open,47,1.422688625053449,50097077.953,,.4828739717987269,3.17329627634523,3.35102805516129,27.8826111458015,23.094386181065,9.2918217828582,48,25.1,280.57,299351.994,173.811,47,9000,2.77020292125919,33.58767708715632,40.52308192815995,1696.715283290024,2.966125647812334,1.21788884624381,7650,,,10.7692307692308,41.6,8.23,,14.5,53.3,,7.97,46299.25036737684,85.01521205852663,70.81999969482421,1113,2.1752909092404,7.836655577571904,.0000643221954819,83.91428997,,1,none,0,1,72.09999999999999,74,581730,20.9,40044,-1,6235000,,0,0,0,0,2146000000,9.199999999999999,2187000000,,3636000000,0,100,0,1673000000,735000,0,0,2527000000,5934000000,,8258.200000000001,4.5,40.3,5000,5005000000,-4.2,26.8,2.7,1057079,1177000,64.8,144,25.7,,2.8,0,0,0,0,0,2.9,18.9,380000,139735,3968526,1.48,2317233,14,888,0,21090,21000,0,7491000000,31747,30.5,2.45,20,36,,1/Britain,253,N/A,N/A,A,N/A,N/A,A2,BBB+,N/A,0,0,0,0,0,0,0,1,0,1,6,52.99,0,0,1,0,62,63,0,7595,8.9352455,0,0,.3,75.6595969200134,30,,0,40,20,20,40,67,40,20,20,47,20,0,20,40,30,2.8,32.3,0,2,7,144,1138,5.269,0,0,.4,4,14999,minCons,0,0,20.3,0,-999,-999,0,8,1,4.044,2351625,2,51,1/Africa,2/free,23.8,0,0,,3,0,1,1,6.59,61,2,3.605551275463989,23.7,70.2,6.78,2,9
Seychelles,open,52,13.83586399299936,23648219.3078321,66.72234445659656,1.147674551837754,,2.64140299488298,100,20.1786493605547,51.4264061062091,32,30.1,9.529999999999999,414088,198.152,58.7698,420,1.33229195732995,80.32045941969163,91.93907734534975,,5.312514161256289,.0943515560800697,16900,98.8000030517578,4.42102003097534,21.2121212121212,14.2,,,,,,,,,,,.887925293341637,36.40423070761616,.0000989205398925,85.63748863000001,,,,.034482758,1,94,14,455,12.8,19696,-.5,1150000,3.6,0,0,0,0,-307000000,9.390000000000001,2559000000,4.4,325500000,0,91,0,0,88000,0,9,350000000,564800000,,16377.9,7.9,8.1,,1155000000,2.3,2.45,1.8,55616,51000,82.59999999999999,,36.8,26,1.3,0,0,0,0,0,4.87,14,,19627,188879,.74,95981,63.6,,0,7225,7300,0,545200000,526,39.6,1.86,3,11.6,,1/Britain,16,N/A,N/A,N/A,B,N/A,N/A,N/A,N/A,7,7.1181617,0,0,0,0,0,,,,,56.42,,,,,45,137,,15692,9.6609058,0,0,.5,73.04444313049321,53,,0,80,40,80,80,80,80,20,27,60,60,40,20,20,53,1.8,12.5,,,,53,203,21.212,,0,1.1,0,-1000,,0,0,21.2,,,,,,,208.354,98340,3,,0/neither,1/partFree,15.9,,,,,,,,20.5,71,,2.82842712474619,21.1,57.1,.19,,
Namibia,open,55,-.3286278038919127,60700614.7135818,21.09735202410048,1.150503488066059,,3.26071850470963,35.5208634629373,25.3587653984573,11.1824060090184,54,20.7,156.31,212578,113.165,51,15900,3.02832946632461,35.81001687692678,47.6655441789266,4815.948227593189,-1.134096127362056,4.65623116526477,5060,94.0862197875977,,42.7083333333333,42.4,5.34,,13.8,59.1,17.4,11.02,32180.82595786101,88.56484117846679,59.5340003967285,3182,1.87248088130699,9.862204341692353,.0001022841636302,131.3645267,,1,none,.0029296875,1,97.5,112,824292,25.7,61968,-5.5,3958000,13.2,0,0,0,0,-216000000,7.3,7969000000,3.1,3891000000,88000000,28,64,3073000000,535500,0,8,1403000000,6087000000,,5930.1,-.1,16.7,3000,9921000000,-.4,31.4,3.7,1291944,956800,65.3,195,21.8,14,3,0,0,0,0,62290000000,0,17.2,210000,144575,2921697,1.86,2630073,41.3,2628,80,26270,27000,0,2432000000,48875,32.2,3.07,34,38,,3/neither,486,N/A,N/A,N/A,BB,N/A,Ba3,N/A,N/A,3,.11806766,0,0,0,0,0,1,0,2,6,74.79000000000001,1,0,3,0,45,137,0,5227,8.5615931,0,0,.1,46.1430639028549,59,,0,60,60,80,60,80,80,60,33,73,40,60,40,40,59,3.7,31.16,0,3,6,195,1024,4.182,0,0,.3,4,-24030,minCons,0,0,21.3,0,0,86.73,0,6,1,3.078,2540916,2,27,1/Africa,2/free,30.4,0,0,,5,1,2,,5.43,62,0,2.23606797749979,17.9,51,6.97,2,3
Ghana,open,56,3.461741105667206,3520561664,,1.660566472317982,7.290878843487011,3.74524032187346,67.3491637385204,34.713514102152,8.543351560585551,13,55.4,1275.99,597343,134.319,39,15500,.4419360778819511,35.97678234632464,35.40140847012138,3364.755152241442,6.478394805358988,14.0791263304777,2220,93.8091125488281,3.98943996429443,13.0909090909091,46.2,1.1,,13,43.5,23.4,6.64,13322.93408716185,88.50760546358512,67.79799652099609,11946,2.16257788677108,4.423765369745364,.0000434120966067,190.2605046,,1,twenty,.013393985,1,74.90000000000001,10,238533,29.6,62320,-6,13670000,12.6,104000,6220,173000,660000000,-2131000000,6.3,22140000000,4,9363000000,187000000,58,42,511000000,3801000,0,1,12520000000,13840000000,,2201.6,6.3,9,14000,12650000000,16.7,33.33,8.4,10959964,12490000,69.01000000000001,308,21.4,50,,1232000000,0,317400000,914400000,22650000000,-.17,10.9,340000,272801,38571189,2.26,29340248,71.8,947,2654,85110,90000,2073,7555000000,109515,20.3,3.71,11.9,9.1,1293,1/Britain,144,N/A,N/A,B-,B,N/A,B3,B,N/A,53,.17056639,2,.0064364676,.00050543342,0,0,3,2,6,7,101.5,0,0,1,0,43,52,0,1056,6.9622436,33.333332,1866.6666,-.2,33.4704041481018,49,,1,33,60,60,40,53,80,20,33,40,80,40,40,60,49,7.2,34.96,0,5,7,308,3957,1.359,0,0,15.8,3,-50000,prod,15,1,20.8,0,-999,53.85,1,8,1,126.719,31072945,3,9,1/Africa,2/free,24.9,0,1,46.2,11,2,1,1,2.75,47,,2,3.7,56.7,5.54,3,1
Mali,open,57,2.857845696392336,1034339163.264,,9.010769432253893,4.827020532836407,2.82641942372024,25.4029303790148,38.5266061638458,4.96193644493086,11,54.5,90.37000000000001,,115.085,13,21000,2.70917035865403,23.32308808410456,34.62902568024846,1230.486060796372,4.751341534169114,10.2132579072996,870,49.6143913269043,3.78730988502502,9.52380952380952,94,,18.7094041523327,,,42.1,,6706.083391629236,75.97782229538281,70.81300354003911,26672,2.99663676010293,6.061811676572755,.0000482014400918,161.254473,,-999,war,.0008149959,0,3.2,25,1240192,42.2,120934,-2.9,3388000,18.6,0,0,0,0,-886000000,8.77,4192000000,3.8,2982000000,0,68,31,800000000,590000,0,1,2489000000,3060000000,,900.1,6.7,16.5,5800,3644000000,6.3,62.31,1.9,2395886,6447000,62.01,562,16,,2.7,0,0,0,0,0,-3.17,8.6,140000,227831,21850850,2.97,19553397,35.4,593,0,20610,22000,0,647800000,139107,20,5.63,7.9,16.9,1800,2/France,52,N/A,N/A,N/A,N/A,N/A,N/A,N/A,N/A,2,.0098761367,0,0,0,1,8,3,2,7,6,106.6,0,0,0,0,56,62,0,821,6.7105231,57.142857,3257.1428,-1,34.9335610866547,48,,1,47,50,80,80,53,70,40,53,33,60,20,20,20,48,-1.7,61.79,0,8,7,562,2454,1.286,0,1,92.40000000000001,7,-200000,neither,2,0,24.6,0,-999,39.79,2,5,1,15.196,20250834,3,4,2/Muslim,1/partFree,23.1,0,2,46,15,2,3,0,1.28,38,0,1.732050807568877,12,43.1,6.86,1,4
Niger,open,58,4.59086805413967,320411764.8,,8.923772301635005,7.845107324947112,6.94981928727214,11.6982026139574,94.0538176774282,1.63357480305802,10,47.2,55.18,14713,40.6385,5.25049,10300,1.83998401549656,11.01565150589247,26.77826537356818,754.8219541480976,5.902791789790982,6.05794455250652,600,62.2621383666992,3.54720997810364,16.9590643274854,80.40000000000001,.09,9.60482372979151,,,40.8,,3404.902218323807,72.40979581787973,72.0419998168945,179997,3.79366815330185,6.35238523782937,.0000268981062249,169.2077515,,0,war,.011111111,0,.8,30,1267000,47.5,8650,-5,2534000,21.8,0,0,9000,150000000,-1160000000,8.890000000000001,3728000000,3.5,1065000000,0,95,0,779000000,184000,0,5,494700000,1525000000,,571.3,7,22.4,1100,2999000000,6,58.23,-2.5,1110778,6500000,60.87,509,14.8,,1.8,0,0,0,0,0,-.21,5.5,33000,116352,8921769,2.53,22772361,45.3,,5422,3799,14000,15280,1314000000,18949,21.4,4.67,.3,.7,300,2/France,84,N/A,N/A,N/A,N/A,N/A,N/A,N/A,N/A,10,.041310985,1,.0041310987,.0011111111,0,0,4,3,10,6,139.6,0,0,0,0,51,55,0,378,5.9348941,42.857143,2485.7144,-.8,33.4261268377304,39,,1,20,70,20,20,60,80,80,27,27,20,20,40,20,39,-2.5,47.89,0,9,7,509,900,.433,0,1,98.40000000000001,7,20001,neither,0,0,20,0,-999,48.43,3,5,1,16.955,24206636,3,6,2/Muslim,1/partFree,26.2,0,2,45.4,19,3,3,,.67,37,0,1.414213562373095,8.6,16.5,4.63,4,6
Gambia,open,58,1.766964326067595,275477907.865999,,14.17204081740854,13.41188534480967,4.49808095319411,35.462971359463,33.9826385538147,7.08986827329689,8,48.4,33.83,109542.145080475,139.529,19.8365,800,.824343185875422,20.63737759407393,34.90131484938572,1884.563044156269,6.056765744219206,2.47089684439385,750,78.942512512207,2.42030000686646,10.3448275862069,51.7,1.77,,10.3,35.9,48.6,,7364.623025695686,75.27541521282618,59.4010009765625,4302,2.92185023710734,48.2694865019217,.0000412360127402,104.335981,,1,none,.014084507,0,4.5,,11300,27,4433,-2.6,607300,10.3,0,0,0,0,-194000000,5.76,586800000,2.4,282800000,0,97,0,0,117000,0,3,304100000,643000000,,716.1,6.5,6.8,1100,1246000000,-.8,29.45,7.1,406918,777100,69.37000000000001,597,21.8,8,,0,0,0,0,0,3.76,10.3,28000,41179,2977068,2.41,2173999,88,,42,3738,3800,0,170000000,2977,20.3,3.36,,13.1,390,1/Britain,158,N/A,N/A,N/A,N/A,N/A,N/A,N/A,N/A,3,.12413806,1,.041379355,.0046948357,0,0,4,3,9,7,97.3,0,0,0,0,48,54,0,709,6.5638556,100,5800,-.6,22.8928819298744,38,,1,27,40,20,20,33,60,80,47,33,60,40,20,20,38,7.1,36.82,1,6,6,597,213,1.021,1,1,95.09999999999999,1,-15436,neither,0,0,20.4,0,-999,43.29,3,4,0,207.566,2416664,2,1,2/Muslim,1/partFree,29.7,0,1,,15,2,2,1,3.55,44,0,1.414213562373095,14.4,61.9,20.92,4,1
Chad,open,60,5.007877927951783,,,7.904276541193081,,2.78131878010528,2.74551059527495,66.0292054967769,1.00015989898132,58,63.5,15.45,,48.0648,6.5,32850,2.17578021033377,36.74225343638259,37.82827211947323,1536.503487609292,3.24718191743429,23.9544291479125,700,40.5602188110352,2.45481991767883,14.8809523809524,113.8,.5,,,,42.3,,4282.449147368077,82.45838350924414,70.69899749755859,442670,2.98593746093303,,.0000413877166426,159.3552277,,1,twenty,.0076804915,0,40.6,59,1284000,41.7,334,-1.5,342200,29.4,70440,0,132000,1500000000,-558000000,8.15,1724000000,2.5,208600000,0,98,0,0,48200,0,3,224300000,2464000000,,735.7000000000001,2.4,15.5,3200,2160000000,-4,62.63,-.9,1029153,5654000,61.43,1140,16.1,,2.2,0,0,0,0,0,-.78,6.1,120000,6540,7857758,3.16,16877357,52.5,,0,2285,2300,0,22900000,40000,13.5,5.7,,,,2/France,142,N/A,N/A,N/A,N/A,N/A,N/A,N/A,N/A,5,.030439809,0,0,0,0,0,3,3,10,7,180.9,0,0,0,0,50,90,0,719,6.5778613,33.333332,1999.9999,-1.4,15.805572271347,30,,1,27,30,40,20,33,70,40,27,27,20,20,20,20,30,-1,70.84,0,9,6,1140,651,.434,1,1,55.3,6,10000,prod,0,0,23.9,0,0,59.92,3,-2,1,11.833,16425859,2,27,2/Muslim,0/notFree,27.6,1,2,17.5,19,3,3,0,1.37,28,0,0,11.8,23.3,3.26,1,27
Ethiopia,open,73,2.623459551881634,531044170.009023,,5.876660243291567,28.94152430132709,13.6692641670453,32.6536723185129,38.9787377576037,,32,37.7,1994.44,12631216,36.2007,18.6181,138000,.601169492105336,7.9399766087609,20.87532439828137,591.2741783418372,8.364085699078899,6.16120994425757,850,54.1109008789063,4.73791980743408,38.7568555758684,50.7,.23,,32.6,35,23.5,3.03,4779.791483993687,85.64049238443957,79.5500030517578,733123,2.57956334803926,46.53522827936827,.0000180528957529,128.9530252,,1,war,.0077427039,1,62.8,57,1104300,31.6,580120,-3.2,12180000,21.1,0,0,0,428000,-6551000000,5.8,26050000000,4.7,9062000000,166000000,3,86,0,2784000,0,11,11150000000,3230000000,,735.1,6.8,32.1,12000,15590000000,10.5,34.62,15.7,19118470,52820000,67.90000000000001,401,19.8,11,,0,0,0,0,24920000000,-.2,4.5,670000,1095946,38147361,2.5,108113150,54.2,659,0,69970,74000,0,3013000000,120171,13.9,4.07,17.5,25.2,,3/neither,140,N/A,N/A,CCC,B,N/A,B2,B,N/A,65,.056539644,2,.0017396813,.00023823704,0,0,4,3,10,6,82.09999999999999,0,0,0,0,44,67,1,720,6.5792513,50,3650,-.6,24.9451786279678,63,,1,87,80,40,40,80,70,80,73,73,80,40,40,40,63,15.8,37.93,0,10,6,401,8395,.769,0,0,34.6,6,150002,neither,4,1,18.3,0,-999,-999,2,1,3,104.957,114963583,3,5,1/Africa,0/notFree,26.7,2,2,59.4,20,2,2,1,2.36,39,2,3.605551275463989,4.6,21.2,4.22,3,5
Tanzania,open,77,1.760765467822283,434802383.487863,,4.364413630101397,14.70677542428146,8.344200905080291,18.8368397736512,29.0766405124356,2.54923983142994,29.5,43.8,602.71,1498093,82.20820000000001,25,28000,1.31692688467923,15.14027774185473,17.09866326422203,673.228787872966,5.791371376320711,4.68377863170441,1080,68.0088195800781,3.69643998146057,36.8956743002545,50.3,2.57,25.3788782155225,49.4,40.5,26.4,2.72,5624.150789517904,91.10009935736568,83.41200256347661,242171,2.95168167328042,29.36531473399896,.0000228833030999,159.7337056,,1,none,.071428575,1,61.4,166,947300,34.6,861234,-1.8,14570000,14.6,0,0,0,0,-1313000000,5.17,17660000000,3.4,5682000000,0,55,40,102000000,1457000,0,6,6699000000,7827000000,,1044.1,7,25,27000,9972000000,12,31.51,3.4,13862836,24890000,69.90000000000001,524,18.2,315,1.3,3115000000,0,0,3115000000,6513000000,-.44,8.4,1700000,74081,46847405,2.81,58552845,37,4567,0,67830,72000,0,5301000000,87581,15.2,4.45,10.3,3.9,,1/Britain,237,N/A,N/A,N/A,N/A,N/A,N/A,N/A,N/A,53,.088726372,3,.0050222473,.0040431265,0,0,3,1,6,7,75.05,0,0,3,0,47,59,1,933,6.8384051,75,5775,-.8,43.2494908571243,51,,1,53,60,60,60,53,40,40,53,53,60,50,40,40,51,3.5,37,0,4,6,524,742,.14,0,0,35.2,8,-200381,neither,35,1,17.9,0,-999,58.46,1,3,1,64.699,59734213,3,40,1/Africa,1/partFree,29.2,0,1,52.9,10,2,1,0,11.27,,0,4.123105625617661,13.3,34.5,4.24,3,2
Guinea-B,open,88,2.285482339895757,130991138.816,,10.45913265423637,3.289964695802487,12.0192721522321,9.987460547554569,29.774702280636,3.7797554498224,8.5,45.5,15.01,,82.79259999999999,3.93051,4450,1.42467488288604,23.49763888287177,33.51091696207177,830.5274858740487,4.600094045400539,9.23605138652227,820,,,13.7254901960784,78.5,1.85,,,,,,4899.638442497055,83.70309992835534,71.963996887207,1846,2.45652209459577,5.259808956235029,.0000400911071384,101.4060913,,1,twenty,.2290749,0,19.7,8,36125,36.9,1204,-1.3,397900,17,0,0,0,0,-27000000,7.9,1095000000,2.1,36270000,0,99,0,0,28300,0,1,39000000,188000000,,778.4,3.8,8.6,1500,383000000,2.5,51.9,.2,72047,731300,62.8,667,18,8,1.4,0,0,0,0,0,-3.8,9.5,40000,0,1555961,2.51,1927104,53.9,,0,2625,2700,0,356400000,4400,18.2,4.75,,,,3/neither,361,N/A,N/A,N/A,N/A,N/A,N/A,N/A,N/A,52,2.6422791,0,0,0,0,0,4,3,10,7,108.4,1,0,3,0,57,88,1,723,6.5834093,100,8800,-1.5,8.197737485170361,25,,1,27,20,40,20,20,30,20,27,27,40,20,20,20,25,1.5,53.97,0,7,7,667,227,1.274,0,0,45.1,2,-6996,neither,1,1,20,0,-999,40.89,3,6,0,66.191,1967998,2,3,1/Africa,1/partFree,31.1,0,1,,17,3,3,,5.38,40,0,5.291502622129181,,43.8,13.53,2,1
CotIv,open,95,1.723120369840882,338023577.248,,1.708859427176208,12.34869857585623,7.23590098153217,32.9375263985135,25.8862663364222,5.0170245255109,19.5,50.1,248.14,748540,145.341,36.4538,27000,1.13999422219699,23.77627756091137,22.62463689425778,2594.36005285717,6.231709513050831,2.64143389137838,2290,78.750846862793,3.25603008270264,10.9803921568627,79.3,.8,,29.8,41.5,39.5,,16241.41920616896,73.47726704708096,56.9529991149902,2020,2.54933623927928,3.951513980581478,.0000394349620409,155.3118785,,0,twenty,.25992367,0,44.1,27,322463,29.1,175918,-4.2,11540000,12.8,26700,62350,52000,100000000,-1860000000,7.9,13070000000,3.3,6245000000,872000000,60,40,19000000,1914000,0,0,9730000000,16326000000,,1716.4,7.4,15.9,13000,14248000000,4.2,59.1,-1.1,12295204,8747000,61.3,617,20.3,25,,2322000000,0,0,2322000000,28320000000,1.2,10.3,430000,284799,39049743,2.26,27481086,47,660,31450,7405,51000,69360,6257000000,81996,19.1,3.67,9.4,5.5,980,2/France,137,N/A,N/A,N/A,B+,N/A,N/A,N/A,N/A,1362,5.1633401,15,.056864977,.0028625955,0,0,3,2,7,6,143.7,0,0,0,0,42,60,0,1566,7.3562799,80,7600,-.6,28.4602016210556,44,,1,33,20,60,20,73,30,80,33,27,20,30,100,40,44,-1.1,,0,9,7,617,5240,2.314,0,0,37.5,5,-40000,neither,36,2,29.1,0,-999,83.7,2,4,2,76.399,26378275,3,7,2/Muslim,1/partFree,23.6,0,2,31.1,16,2,3,1,2.71,47,0,5.916079783099616,13,51.2,3.92,3,7
Benin,open,99,1.599587602120748,205102146.996,,4.042757362737275,5.852233873693483,9.074815370364609,18.3340276061638,38.9999587632257,3.94404210653488,8.5,48.9,227.74,899,87.702,20,12250,.652801729118102,29.63052719308062,34.05080512095495,2186.91600711854,6.865687335255984,2.36925711603047,1250,64.43959808349609,2.93396997451782,7.2289156626506,90.3,.52,,49.6,47.8,38.5,2.71,8209.467614489839,94.27948569667581,70.8679962158203,1238,2.71510535908362,4.827523820529848,.0000519710318002,131.3596149,,-999,none,.1123348,1,53,6,112622,42.1,27034,-6.2,5664000,16.8,0,0,0,8000000,-1024000000,3.75,2804000000,2.9,1143000000,0,88,9,1088000000,321000,0,2,335000000,3056000000,,906.5,6.5,17.3,2300,5458000000,3,10.79,-.8,2403596,3662000,78.14,397,17,6,,0,0,0,0,1133000000,2.22,9.6,75000,37305,10905559,1.48,12864634,54.6,438,1514,38040,38000,0,698900000,16000,17.1,1.75,1,5.6,150,2/France,55,N/A,N/A,N/A,N/A,N/A,N/A,N/A,N/A,102,.84136218,2,.016497297,.0022026431,0,0,3,2,6,7,119.1,0,0,0,0,50,68,0,826,6.7165947,75,7425,-.6,29.9844712018967,35,,1,33,60,20,40,60,50,60,27,27,40,0,20,20,35,-.9,60.41,0,4,7,397,908,.791,0,0,23.8,4,-10000,minCons,38,0,19.6,0,-999,24.73,1,7,0,99.11,12123198,2,-999,1/Africa,2/free,27.5,0,0,,10,2,2,2,2.81,40,0,6.244997998398398,7.2,47.9,4.95,4,1
Malawi,open,101,1.283768589130046,217457944.497448,,18.82219299102263,8.696739280590967,4.08477835402939,10.4465433110195,23.5659214726087,3.37133223522155,37,34.5,231.21,7117,47.7811,13.7822,14700,.885396813321633,31.00801490650908,35.5964946761968,769.2204306814176,4.369238990752166,6.22414767571497,380,80.3485870361328,4.71483993530273,22.9166666666667,41.6,3.71,,70.8,44.7,51.5,2.01,2589.87583559744,89.50827928841602,76.7180023193359,14087,2.64037519341292,3.866248431011193,.000048991063054,110.1184739,,0,none,.066255778,1,82.7,32,118484,40.1,11358,-3.4,1082000,11.8,0,0,0,0,-591000000,7.2,2102000000,4.7,1321000000,0,1,93,0,375000,0,6,1420000000,10718000000,,396.6,4,3.9,13000,12818000000,1.2,39.5,9.300000000000001,2734305,7000000,63.2,349,16.8,,,0,0,0,0,0,0,5.8,1100000,14357,9799352,3.3,21196629,59.2,767,0,4769,6000,0,780200000,15452,21.7,5.31,20.4,40.5,700,1/Britain,146,N/A,N/A,N/A,N/A,N/A,N/A,N/A,N/A,43,.22477837,3,.015682211,.0046224962,0,0,4,3,7,7,53.97,0,0,1,0,64,69,0,340,5.8289456,33.333332,3366.6665,-.7,30.6460410356522,35,,1,20,40,40,40,40,80,80,27,53,20,20,0,0,35,9.4,32.07,0,6,7,349,649,.358,0,0,13,3,-80263,neither,13,0,16.4,0,-999,36.42,1,6,1,197.519,19129955,3,23,1/Africa,1/partFree,31,0,1,74.59999999999999,13,2,1,0,3.63,46,0,6.403124237432849,12.8,17.2,13.38,2,3
Cameroon,open,110,2.003817311616391,333554496,,3.06720080049873,14.11332197663828,4.77752966152165,23.033573776803,72.7930962237353,2.19823412672764,13.5,57.7,875.62,198881.213,81.75530000000001,23.203,34400,1.09666376169493,20.21468714851534,24.65303407532357,1151.820425426756,3.720711422322466,6.20460583973401,1500,65.4980392456055,3.13120007514954,31.1111111111111,74.8,1.1,,,,35,,8597.492952284381,87.67941189502596,76.072998046875,406259,2.58424710709784,8.66995237929682,.0000258797351572,153.92527,,1,war,1.7871878,1,70.3,33,475440,36.3,17987,-3.4,7672000,11,96370,36480,69000,200000000,-932000000,7.93,9375000000,3.1,6411000000,0,52,47,55000000,1558000,0,1,8108000000,4732000000,,1534.5,4.1,25.5,14000,4812000000,3.3,50.09,2.4,6089200,9912000,62.79,529,18.5,61,,906100000,0,0,910400000,135100000000,-.32,11.4,510000,966035,22062303,2.77,27744989,36.9,987,8545,14090,45000,39080,3235000000,77589,15.3,4.61,4.3,6.3,,3/neither,179,N/A,N/A,N/A,B,N/A,B2,B-,N/A,3292,12.401178,140,.52738911,.076004341,0,0,2,2,7,6,117.6,0,0,0,0,37,56,1,1451,7.2800083,100,11000,-.8,13.3175760507584,42,,1,27,50,80,40,47,60,60,33,33,20,30,20,40,42,2.5,51.59,0,9,6,529,1842,.881,0,0,18.3,6,-24000,neither,0,0,21.6,0,-999,77.99,2,-4,3,50.885,26545864,3,51,1/Africa,0/notFree,30.1,1,2,,16,2,2,0,5.65,46,0,7.071067811865476,9.300000000000001,57,2.9,1,35
EqGuinea,saho,45,4.101717107931703,,,.0550514729827304,,2.21443685935807,6.60948257259865,53.2406210371101,6.43886058894921,33,79.40000000000001,2.6,420832.256307905,45.1669,26.24,1450,1.07214133360045,55.13387379163441,52.24744123989672,1237.2637517335,-5.57630845388924,33.7264464928224,6460,40.7759208679199,,21,81.8,6.48,,,,,,50769.97792947945,81.66475798144366,61.9669990539551,,3.528524074108,,.0000716437946649,179.6565263,,1,none,0,1,88.7,7,28051,30.7,1620,-3.3,3062000,5.6,308700,0,172000,1100000000,-738000000,7.3,1211000000,,465000000,0,61,38,0,331000,0,2,500000000,8776000000,,10179.2,-4.7,6.1,1800,6245000000,-6.9,59.7,1.2,209253,195200,65.7,301,20.3,40,,1189000000,4878000000,0,6069000000,36810000000,0,8,65000,6779,368920,2.35,836178,37.4,,0,5094,5200,0,45500000,2880,16.9,4.11,8.6,,,3/neither,181,N/A,N/A,N/A,N/A,N/A,N/A,N/A,N/A,0,0,0,0,0,0,0,0,3,4,6,100.1,0,0,0,0,45,85,1,9850,9.1952267,0,0,-1.3,18.8326090574265,22,,0,20,20,20,20,20,40,20,20,27,20,20,20,20,22,1.2,62.21,0,8,6,301,507,4.017,1,0,4,2,79998,prod,1,0,22,0,-999,93.53,2,-6,1,45.194,1402985,2,29,1/Africa,0/notFree,24.6,0,1,,12,2,3,,7.23,45,0,3.872983346207417,,72.59999999999999,1.11,6,38
Lesotho,saho,48,4.950727159159585,495111530.478681,,5.187595365402138,4.986483097186278,9.72402849997534,37.713245215003,28.0286535158261,3.73653086374493,15,13.6,18.54,,113.831,29,2000,1.54686363496641,45.16940721798635,94.19669450549483,1831.981328109345,-.805720588882366,3.34485217737893,1380,85.6288528442383,6.98518991470337,23.3333333333333,86.40000000000001,11.35,,27.8,44.9,49.7,,7701.707560926479,79.22016095481,67.8840026855469,143,.80956647567982,1.914584494338205,.0001292329668483,76.90000546,,0,none,0,1,96.8,24,30355,23.2,5763,-6,711100,10.5,0,0,0,0,-102000000,15.05,934600000,7,847300000,0,0,100,373000000,80400,0,1,510000000,1106000000,,1248,1.2,20.3,4800,2613000000,12.5,3.66,5.3,569114,930800,75.61,544,24.7,,1.5,0,0,0,0,0,-4.75,16.6,340000,7865,2238186,-1.04,1969334,33.7,,0,5118,5000,0,657700000,5940,39.7,1.61,28.1,34.4,,1/Britain,654,N/A,N/A,N/A,B,N/A,N/A,N/A,N/A,0,0,0,0,0,0,0,3,0,7,7,113.4,0,0,0,0,106,137,0,1178,7.0715733,0,0,-.9,62.9203021526337,29,,1,27,40,40,20,80,40,20,20,40,20,30,0,0,29,5.2,69.09,1,3,7,544,138,.692,0,0,.1,1,-50234,neither,0,0,26.6,0,-999,-999,2,8,0,73.562,2142252,2,5,1/Africa,1/partFree,28.9,0,1,,10,2,2,0,4.59,48,2,3.464101615137754,29.7,28.6,12.09,3,2
Tunisia,saho,50,2.088254200200341,2049663194.48389,21.91741236944969,2.096689332057102,15.74075356426122,3.77539424242924,99.5779906525663,37.6559937453942,22.0755586165375,9,60.7,5564.86,4335325,126.305,66.7,47800,2.55607321358028,49.2984320787035,60.07896701655759,10279.56151216207,1.043045338127669,3.28641971139101,3370,95.0537796020508,6.59601020812988,22.5806451612903,16.9,.09,,.2,32.8,15.2,11.17,36645.69368217822,34.24452477506728,46.1240005493164,1732,1.11364374282179,11.94736521253014,.0000940492662831,119.2295608,,0,none,.0019473543,0,.2,29,163610,15.9,1014395,-5.8,23420000,1.6,39980,17580,39000,425000000,-4191000000,6.4,30190000000,6.6,15270000000,500000000,94,1,134000000,5768000,0,5,18440000000,13820000000,,3449.6,2.5,12,,19090000000,.5,11,6.7,7392242,4054000,76.3,43,32.7,69,2.6,5125000000,0,3851000000,1274000000,65130000000,-1.4,26.9,6500,1444631,14679917,.85,11721177,70.3,2173,13660,85340,102000,27770,5594000000,,24.7,2.06,15.5,35,,2/France,35,N/A,N/A,BB,B,N/A,B1,N/A,N/A,29,.24537556,0,0,0,0,0,1,0,2,7,57.39,0,0,2,0,33,51,0,3474,8.1530619,0,0,-.1,57.1216464042664,71,,0,73,70,100,60,100,80,60,73,73,60,50,80,40,71,6.7,14.61,0,2,7,43,14892,13.025,0,1,99.5,2,-20000,minCons,10,0,16.1,0,-999,39.46,1,7,0,74.22799999999999,11818618,3,-999,2/Muslim,1/partFree,22.8,0,1,,4,0,1,1,2.12,70,0,3.16227766016838,26,69.2,.29,2,3
Morocco,saho,50,1.336471803067447,6735496282.75754,54.64919142663551,.7009392464671473,9.185957122933944,3.15452691832883,100,32.5935414574286,24.610004637043,9,45.8,5056.77,9380951,127.953,74.3763,245800,3.09449241316458,39.10925406325738,48.03234969639584,3863.959902124889,2.481905124483006,1.58696444067816,3190,97.1357269287109,,20.5063291139241,21.4,.04,38.7501508458858,,,,,25438.71698649804,30.60921866772166,45.3059997558594,6642,1.22105092988365,22.01675709420999,.0000667216230965,128.2889279,,1,none,.0020766836,0,.1,55,716550,17.9,1552599,-3.6,55400000,2.6,0,61160,160,684000,-5075000000,4.64,51480000000,,28250000000,165000000,68,16,5289000000,8303000,0,15,28750000000,48565000000,,3272.9,3.7,30.1,,64120000000,2.8,4.69,.2,22596729,10399000,84.81,70,29.1,88,3.1,1218000000,0,1133000000,87780000,1444000000,3.17,26.1,21000,1982934,45065083,.79,35561654,65.09999999999999,2067,9504,229300,278000,66230,26270000000,57300,20.9,1.21,9.23,22.2,,2/France,97,N/A,N/A,BBB,BB+,N/A,Ba1,BBB-,N/A,54,.1462996,2,.0054185037,.000076914199,0,0,2,0,4,2,40.26,0,0,0,0,33,42,0,3069,8.0291071,0,0,-.2,42.9053366184235,75,,0,87,50,80,80,80,80,80,80,67,80,70,80,60,75,.2,19.08,0,3,7,70,26003,7.308,0,1,99.90000000000001,1,-257096,minCons,9,0,12.4,0,0,-999,1,-4,1,80.08,36910558,3,-999,2/Muslim,1/partFree,19.6,0,1,,7,1,1,0,.69,70,0,3.16227766016838,14.7,63,.5600000000000001,-999,18
BurkFas,saho,51,1.300436384511541,476154362.86,,7.22253250722678,3.030131532840337,6.03244507030799,,42.9355925055958,3.07768148113688,13,41.3,251.99,203296.242094835,100.212,16,11200,2.42994839861159,25.36905712793275,31.3562031627096,1886.155027900168,5.699434934240344,14.1705432416317,780,64.54945373535161,5.38379001617432,13.3858267716535,87.5,.19,,,,41.4,,6323.509559005616,77.92478745804402,66.4300003051758,25869,2.84422255256232,4.609819685009589,.0000539122375074,138.8304461,,1,none,.020295203,0,22.5,23,274200,35.1,13818,-7.9,3421000,17.7,0,0,0,0,-1019000000,8.199999999999999,3056000000,5.4,1551000000,0,80,9,630000000,342400,0,12,990000000,3902000000,,820.2000000000001,6.8,9.300000000000001,3100,5294000000,10.4,52,-3.2,3158834,8501000,62.7,320,17.9,,2.4,0,0,0,0,0,-.6,5.6,100000,75066,20330657,2.66,20835401,38.1,622,0,23580,23000,0,49000000,15304,21.2,4.51,77,8.699999999999999,,2/France,47,N/A,N/A,N/A,N/A,N/A,N/A,B,N/A,33,.15786998,1,.0047839386,.00061500614,0,0,3,3,9,7,92.70999999999999,0,0,2,0,41,49,1,642,6.4645882,0,0,-.6,43.30193400383,44,,1,67,40,40,20,53,70,80,33,40,40,30,20,40,44,-3.2,55.3,0,7,7,320,1626,.847,1,1,61.6,6,-125000,neither,7,0,21.7,0,0,53.5,3,6,0,70.151,20903278,2,2,1/Africa,1/partFree,30.5,0,1,45,16,3,3,,12.03,40,0,3,16,30,5.76,2,2
Liberia,saho,51,4.487841970382783,301266549.634474,,20.18924655111426,7.092725614729206,25.9923426815392,7.39076599217818,17.9841124551525,3.17217173573836,18,46.2,25.39,,56.569,7.98448,2100,.516520750324204,28.72532814576146,98.72694774214162,786.9433955892793,-2.278245125348192,21.5580521739621,580,60.595401763916,2.58412003517151,12.3287671232877,84.59999999999999,.74,,44.4,35.3,50.9,,3249.342888857179,89.38535082392077,76.31500244140631,8225,2.42719460419122,,.0000454972077839,135.4239242,,0,twenty,.011904762,1,85.90000000000001,29,111369,37.3,8000,-4.3,1163000,13.6,0,0,0,0,-627000000,7.89,1036000000,2.6,279000000,0,57,43,0,151000,0,0,300000000,330000000,,440.3,1.2,-21.9,1900,1820000000,9,4.12,12.4,383819,1677000,82.36,661,18,3716,,0,0,0,0,0,4.84,9.9,47000,8394,2793316,.73,5073296,34.4,429,0,8181,8000,0,459800000,10600,16.9,1.69,2.8,2.3,,1/Britain,308,N/A,N/A,N/A,N/A,N/A,N/A,N/A,N/A,2,.039543845,0,0,0,1,10678,4,3,7,6,83.31999999999999,0,0,0,1,47,66,0,583,6.368187,0,0,-1.3,17.2045513987541,46,,1,40,70,60,20,47,80,40,47,33,60,60,20,20,46,23.6,63.31,1,5,7,661,168,.376,0,0,12,3,-25000,neither,0,0,17.6,,,43.93,1,7,0,49.127,5057677,3,12,1/Africa,1/partFree,35.9,0,0,,12,2,2,,6.12,39,0,3,8.4,51.6,12.84,0,12
Rwanda,saho,51,4.057775252578874,260527799,31.04201593288271,12.020207579835,7.367473207318687,4.88485541750085,23.4186460018924,43.2102171630293,5.3249445515496,4,33.2,169.52,1561562.21422701,76.4915,21.7676,35000,1.18602780884773,21.8191635936645,36.12801512836173,585.6620177231417,9.428675223880248,4.02261764808882,830,97.40032958984381,3.07375001907349,61.25,34.3,.76,,56.5,43.7,38.2,2.54,4465.380958596772,100.6849715635486,83.6549987792969,145054,2.60765264493972,25.84928706341125,.000037365693588,192.1257982,,1,twenty,.0066747572,1,93.40000000000001,7,26338,27.9,7501,-4.3,985600,9.6,0,0,0,0,-622000000,5.95,3258000000,3.1,527300000,4000000,42,51,42000000,191000,0,7,525000000,1050000000,,773,8.6,12.5,2800,1922000000,4.2,27.16,3.3,2653197,6227000,65.48,248,19.7,,,0,0,0,0,56630000000,-3.27,5.8,230000,11215,9531609,1.8,12712431,40.5,,0,6628,6700,0,997600000,4700,21.3,3.42,2.7,20.6,,3/neither,57,N/A,N/A,N/A,B+,N/A,B2,B+,N/A,11,.084927596,0,0,0,0,0,4,2,8,6,59.06,1,0,0,1,45,122,1,748,6.617403,25,1275,.2,34.3314200639725,71,,1,93,90,80,100,93,70,60,47,67,100,40,40,40,71,3.4,27.34,0,7,6,248,1648,1.34,1,0,1.8,4,-44998,neither,6,0,18.2,0,-999,93.09999999999999,2,-3,2,494.869,12952209,3,23,1/Africa,0/notFree,29.7,0,2,65.90000000000001,15,2,1,0,8.949999999999999,57,0,3,13.3,17.3,4.98,0,17
Libya,saho,52,,,,.5667113273576602,,4.2082609407282,,54.2546817939319,11.3635224245746,35,32.6,161.9,1367458,91.4793,21.7589,,,64.37081654247538,53.10223086648105,,2.535953477586773,43.4425754223686,7640,,,15.9574468085106,11.5,.1,26.111477412507,,,,,52134.62720647168,51.98132381156203,49.6860008239746,4730,1.46977765305762,,.000074511694097,159.1837304,,-999,war,0,0,2.7,146,1759540,23,168920,-25.1,46480000,11.7,337800,0,1039000,48360000000,2574000000,3.46,3020000000,,27300000000,0,100,0,376000000,9460000,0,0,34240000000,18380000000,,5147.3,17.9,5,,11360000000,60.3,11.48,28.5,1440859,1114000,76.93000000000001,72,25.8,94,,4446000000,4644000000,0,9089000000,1505000000000,-1.15,32.5,9500,1618511,6182105,1.76,6890535,4.7,,16880,168200,260000,89620,74710000000,37000,51.6,3.13,30,48.7,,3/neither,59,N/A,N/A,N/A,N/A,N/A,N/A,N/A,N/A,0,0,0,0,0,0,0,1,3,5,2,43.3,1,0,3,0,55,64,-999,3941,8.2791901,16.666666,866.66663,-1.8,63.2939338684082,54,,0,73,80,80,40,53,70,80,20,53,20,30,20,80,54,2.6,10.23,0,9,2,72,13757,20.905,1,1,96.59999999999999,6,-9997,prod,0,0,20.1,-999,-999,-999,3,0,3,3.623,6871287,2,-999,2/Muslim,0/notFree,26.1,1,3,,14,0,0,2,.019,64,0,2.82842712474619,,80.40000000000001,.8100000000000001,-999,3
Mauritius,saho,53,3.361961369656567,318511666.223381,61.32905728237553,.4200362942116062,,2.55086341534477,100,14.4578273223582,16.4239204853078,4.5,22.2,126.94,1726868,151.359,63.9999,3000,.153188085092372,38.51553234994893,53.65899664290144,12228.39581926034,3.014762911228175,.0020558294207908,12900,98.51373291015631,4.71934986114502,20,16,.96,,.2,36.8,10.3,13.62,50791.1077564103,62.7227902948294,58.3129997253418,20,.0322400432027594,38.68914482134981,.0000557998275298,112.2022415,,0,none,.0043613706,0,25.3,5,2040,12.6,274200,-.3,6429000,,0,0,0,0,-875000000,5.28,19990000000,4.7,2726000000,0,79,7,0,894000,0,14,2898000000,2360000000,,11222,3.8,16.9,,4986000000,3.2,12.79,.4,799470,554000,76.33,61,36.3,30,,0,0,0,0,0,-13.67,10.8,11000,470166,2076577,-.36,1379365,64,,0,26960,27000,0,5984000000,2428,22.5,2.66,6.65,23.9,,1/Britain,12,N/A,N/A,BBB,N/A,N/A,Baa1,N/A,N/A,14,1.1008306,1,.078630753,.00031152647,0,0,0,0,0,7,47.68,0,0,0,0,50,52,0,10564,9.2652073,0,0,.9,42.8672343492508,64,,0,60,90,20,80,53,70,80,67,73,80,80,40,40,64,.4,13.68,0,0,7,61,3210,25.331,0,0,16.7,0,0,modCons,14,1,22.6,0,-999,-999,0,10,0,622.962,1271767,4,3,0/neither,2/free,13.7,0,0,,0,0,0,,4.35,63,2,2.645751311064591,26.9,40.8,.74,1,3
Algeria,saho,53,.80769166646636,1792000000,.2117483648870821,.0842058892013406,.5119016994682399,4.13270236532592,100,38.8840106983002,5.2242395493851,18,66.09999999999999,5231.44,6748653,109.356,59.5797,317000,6.00952348900797,22.79435880616596,29.23199678876852,19509.3252412694,.799999999999784,19.023326237193,4010,101.364631652832,,25.7575757575758,23.3,.09,17.6874771668945,,,,,45616.83833333508,21.64708288618945,41.1500015258789,98599,1.93395019121501,.4577914324006672,.0000454482516901,216.3094282,,1,twenty,.001914495,0,.2,149,2381740,20,3067022,-9.6,135900000,3,756400,5340,1259000,12200000000,-22100000000,5.63,6260000000,,55960000000,641000000,96,1,257000000,19270000,0,2,66890000000,34370000000,,4114.7,1.4,37.8,,48540000000,.6,14.65,1.9,24819531,10859000,77.55,112,28.9,114,6,41280000000,53880000000,0,93500000000,4504000000000,2.06,27.4,22000,4558502,46287629,1.17,42972878,27.5,3973,578800,82930,405000,627900,97890000000,104000,32.3,1.96,11.7,39.3,,2/France,61,N/A,N/A,BBB-,N/A,N/A,N/A,N/A,N/A,139,.31698221,15,.034206711,.00020660019,0,0,1,3,3,6,40.33,1,0,3,0,27,43,1,4055,8.3077059,66.666664,3533.3333,-.4,65.9546911716461,80,,0,100,90,80,80,60,80,80,53,93,60,60,100,100,80,4.27,20.43,1,8,7,112,72604,17.193,0,1,97.90000000000001,6,-50002,prod,62,2,14.2,0,-999,81.53,1,2,3,17.348,43851043,4,18,2/Muslim,0/notFree,,1,1,77.2,11,0,1,1,.95,78,0,2.645751311064591,18.8,73.2,.007,2,18
Madagascar,saho,53,1.610155326137525,433036326.764304,,5.15621218389738,2.52015413300957,5.36685845365726,.0210775915726449,22.5422828750867,2.38096017385245,8,38.3,127.41,544458,40.5703,9.800000000000001,21500,.613169182245806,26.59677096615787,33.2849407882704,362.4475096050612,4.85100000002106,6.09048638987572,520,63.2768211364746,2.82548999786377,15.8940397350993,50.6,.4,,,,,,3264.181374194409,93.74170582816812,86.1269989013672,113,2.65624016241262,20.2238771323715,.0000465261888137,72.88795331999999,,0,none,.00070175441,1,85.3,83,587041,29.9,27211,-2.7,4021000,26.4,0,0,0,0,-35000000,6.53,4089000000,2.8,1587000000,0,74,24,0,675400,0,2,1706000000,5272000000,,527.4,4.6,14.8,1400,5855000000,5.2,19,5.6,2516994,13400000,73.56,335,20.3,29,,0,0,0,0,0,-1.83,5.3,39000,68426,10677153,.92,26955737,36,836,0,18880,18000,0,1600000000,31640,15.9,2.29,1.8,1,600,2/France,233,N/A,N/A,CCC,N/A,N/A,N/A,N/A,N/A,3,.010833837,0,0,0,0,0,4,1,9,3,79.94,0,0,0,0,51,109,0,516,6.2461066,0,0,-1.2,46.8804866075516,29,,1,27,30,20,40,47,60,20,27,20,20,30,20,20,29,5.6,37.46,0,3,7,335,4275,1.812,0,0,3,0,-7500,neither,0,0,22.9,0,0,15.85,3,6,1,43.951,27691019,2,3,1/Africa,1/partFree,28.6,0,1,,12,2,0,2,1.97,28,0,2.645751311064591,28.9,37.9,4.4,2,3
Djibouti,saho,53,5.471669542729676,58969164,,5.695110085145295,1.523660205262948,3.41189662230203,23.8328299196984,45.5496175977411,9.43078673073798,14,37.9,6.16,,41.1959,55.6814,13450,,149.1784929050459,139.0382049429954,,7.770497257263827,.263159721953977,3310,66.3802871704102,3.62773990631104,26.1538461538462,57.5,.16,36.4404381791735,17,41.6,21.1,,14466.77392327326,73.71496572195728,60.2430000305176,19639,1.51518050206022,1.249379012982143,.0002270625704489,99.7828001,,1,twenty,.0049751243,0,2.3,13,23200,22.7,25508,-9,950200,29.9,0,0,0,0,-280000000,7.17,1954000000,3.6,377100000,0,100,0,0,130300,0,0,405500000,139900000,,3048.6,5.6,22.3,,726400000,2.7,47.78,.7,492221,294600,65,248,24.9,18,,0,0,0,0,0,4.81,13.5,6800,34671,371992,2.01,921804,31.8,97,403,6692,6360,0,547700000,2893,35.3,2.17,40,,,2/France,234,N/A,N/A,N/A,N/A,N/A,N/A,N/A,N/A,1,.10121437,0,0,0,0,0,2,3,5,6,98.98,0,0,0,0,49,71,0,1927,7.5637197,0,0,-.9,47.0487862825394,32,,1,27,50,40,40,33,60,20,20,33,20,30,40,0,32,3.3,49.8,0,7,6,248,201,2.237,0,1,96.90000000000001,2,4501,minCons,0,0,19.6,0,-999,87.06999999999999,1,3,0,41.285,988002,2,37,2/Muslim,0/notFree,,0,1,,12,2,3,1,.43,47,0,2.645751311064591,,77.90000000000001,9.140000000000001,4,18
Senegal,saho,55,4.170560050010826,2522205664.88,,4.380772520946422,14.32776128375268,4.97676680174836,44.2169762859984,40.6958258953758,5.76488109583841,6,44.8,388.32,284534.117434767,109.721,46,18600,1.45006301698535,22.79262606008314,37.71377639608668,2979.285936768943,5.271192357583558,2.58982339291009,1460,61.2020111083984,4.83328008651733,41.8181818181818,45.3,.14,21.4557650598373,,,,,13919.94945273525,60.93820699809987,45.6839981079102,14467,2.74974740844133,10.18879993435003,.0000522434306911,111.8707518,,-999,twenty,.074108817,0,3.6,20,196722,31.8,129820,-3.6,8644000,13.3,0,17880,0,0,-1547000000,3.93,8571000000,4.8,3497000000,0,82,7,0,977000,0,11,4167000000,2362000000,,1501.7,6.8,21.2,1200,5217000000,7.7,1.56,-.8,6909635,6966000,86.19,315,19.4,34,1.5,59460000,0,0,59460000,0,4.26,8.800000000000001,41000,195288,16871654,.95,15736368,48.3,906,4063,32050,48000,17590,1827000000,16665,19.6,1.15,48,8.1,1000,2/France,117,N/A,N/A,N/A,N/A,N/A,Ba3,B+,N/A,79,.47181278,0,0,0,1,1,3,1,5,7,74.3,0,0,0,0,33,63,0,1332,7.194437,20,1100,-.3,20.978632569313,54,,1,53,80,60,80,60,50,60,53,40,40,40,60,20,54,1.8,33.55,1,5,6,315,1066,.691,0,1,96.40000000000001,5,-100001,minCons,7,0,18.1,0,0,26.57,0,7,1,82.328,16743930,3,5,2/Muslim,2/free,23.4,0,1,47.4,10,2,2,1,.76,45,0,2.23606797749979,9.1,47.7,5.59,2,5
S_Africa,saho,56,1.315903850424576,890059293.728208,300.5823301003486,.2565016635406662,14.8267493880895,8.69932535042479,89.59881918884859,25.1022049863671,9.59251754781593,40,29.2,13008.74,25650178,165.6,56.1674,89650,.976948136071628,29.85383927701986,29.35069678236508,11077.14637159442,.1525833166642343,5.16894762824666,6040,90.34449768066411,6.50505018234253,46.3476070528967,34.5,6.9,,,,,,43678.20585325559,79.06102117333575,56.0169982910156,89285,1.33861739063304,8.893575452420896,.0000562143450729,146.4963701,,1,twenty,.010791227,1,81.2,407,1219090,19.2,1107013,-4.4,572300000,5.9,0,404000,1600,15000000,-10626000000,9.300000000000001,156300000000,6.5,207100000000,16550000000,85,1,10560000000,50020000,4,10,234500000000,123864000000,,6369.2,.8,16.1,72000,131721000000,1.2,27.8,4.1,31107064,14687000,64.8,119,28,103,,5069000000,0,4162000000,906100000,0,-.2,28.3,7500000,1934778,92600942,.97,56463617,53,20986,105600,195200,621000,487100,50720000000,750000,26.6,2.22,28.53,53.4,,1/Britain,615,Ag,N/A,A-,BB-,N/A,Baa3,BB-,N/A,557,.93915409,0,0,0,0,0,1,0,3,7,61.06,0,0,3,0,36,57,0,6151,8.72437,16.666666,933.33331,.3,53.6510050296783,70,,0,93,50,60,100,100,40,60,73,33,60,60,80,100,70,4.1,27.83,0,5,7,119,51616,9.054,0,0,1.7,6,727026,minCons,152,0,26.2,0,-999,-999,1,9,2,46.754,59308690,3,19,1/Africa,2/free,25.9,0,2,77.90000000000001,8,1,1,2,9.52,69,1,2,31.4,66,2.59,2,8
Angola,saho,57,-4.61458824224493,3445473.46759301,,.1704915710655718,26.7874372431497,3.60595906776897,3.8150702987396,32.3885049076425,9.44801349776762,36,49.1,30.12,1436959,46.5986,14.3391,117000,1.64466112900931,40.55687106744227,28.2934139960246,1216.21060908139,-.6246443177068954,26.7682069466731,2960,,,30,74.7,1.45,,51.8,51.3,32.3,,17318.3660977382,96.48093424864538,77.4929962158203,25793,3.2429826028718,1.345771733049796,.0000550049160383,176.4906107,,1,twenty,.00031249999,1,90.5,102,1246700,42.7,109561,-6.7,20950000,19,1782000,0,1593000,9523000000,-1254000000,8.24,42080000000,3.4,9036000000,0,34,64,0,2613000,0,2,10200000000,33070000000,,3437.3,-1.2,28.6,13000,19500000000,2.5,60.58,17.2,4353033,12510000,61.71,241,15.9,54,1.6,821200000,3993000000,0,3115000000,308100000000,-.2,8.199999999999999,340000,122566,14645106,3.38,32522339,65,2852,30340,111600,130000,53480,17290000000,26000,29.3,5.9,6.6,39.4,1300,3/neither,351,N/A,N/A,BB-,CCC,N/A,Caa1,CCC+,N/A,2,.0060852664,0,0,0,0,0,2,3,7,2,67.25,1,0,3,0,52,60,0,4272,8.3598375,0,0,-1.1,46.27865254879,63,,0,47,90,80,40,67,100,60,73,53,80,30,40,60,63,17.1,51.87,1,9,6,241,6400,2.146,0,0,.2,4,32066,prod,1,0,16.5,0,-999,49.57,1,-2,1,23.89,32866268,3,42,1/Africa,0/notFree,23.6,2,2,24.2,16,2,3,1,6.94,40,0,1.732050807568877,,66.2,1.47,0,38
Kenya,saho,57,1.395176768500402,2838192215.41577,26.2415806479432,2.882437618044008,38.19827218402264,7.84569055131701,71.6769824635348,28.5783742715702,4.65145974036471,23,37.2,1246.76,6417534.056,103.769,22.5651,29100,1.1559413296704,12.03179759269678,21.36964547511591,1119.891127453613,5.365748965474637,1.30975865915303,1750,99.6787414550781,5.30625009536743,21.7765042979943,43.2,1.47,,37.1,40.8,36.1,,9791.703931062357,93.25489328810579,74.6959991455078,438899,2.27190164034829,14.96841743400596,.0000246002515307,102.7393628,,0,twenty,.0031086793,1,84.8,197,580367,27.2,371498,-6.7,17980000,11.2,0,12550,0,0,-57594000000,5.09,27590000000,5.3,7863000000,39100000,33,34,184000000,2401000,0,33,9634000000,10078000000,,1710.5,6.3,10.4,21000,18729000000,3.6,28.81,5.1,9129243,19600000,69.31999999999999,342,20,24,1.3,0,0,0,0,0,-.2,7.1,1500000,68072,54336841,2.15,53527936,54.2,3819,173,90620,109000,13960,7354000000,177800,17.6,3.36,40,7.4,,1/Britain,267,N/A,N/A,B,B+,N/A,B2,B+,N/A,25,.046493202,0,0,0,0,0,3,1,5,7,39.89,0,0,0,1,44,57,1,1507,7.3178763,0,0,-.4,42.7392691373825,43,,1,40,40,60,60,60,50,20,33,40,40,50,40,20,43,4.7,32.82,1,5,7,342,8042,1.565,0,0,9.699999999999999,5,-50000,neither,6,1,13.4,0,-999,50.51,0,9,1,87.324,53771300,3,4,1/Africa,1/partFree,27.8,0,2,77.59999999999999,10,2,1,,2.78,55,0,1.732050807568877,11.8,27.5,3.42,1,4
EswSwa,saho,57,2.861860595918376,118702081.809135,,2.751805398241995,2.766262659959641,4.61164581757375,70.1845826295376,17.1687873115117,6.96854201035326,21.5,35.8,34.05,52744,93.5273,47,,1.82325832243618,45.89519592425994,43.19706476376386,13960.58946879887,2.243919524528494,2.3502588285595,3670,94.4848709106445,,7.2463768115942,49.4,9.77,,29.2,54.6,58.9,5.73,33899.91222372525,85.4649550378997,52.5050010681152,940,1.04530919354082,.8634572163239257,.0000857858728947,102.2183413,,1,none,.010928961,1,88.09999999999999,14,17364,24.5,7000,-8.5,1140000,5.8,0,0,0,0,604000000,10.1,526300000,7.1,1431000000,0,39,20,1077000000,295900,0,41,381000000,2389000000,,4145.7,2.4,25.4,2300,2605000000,5.6,42.8,6.2,510984,427900,58.6,437,23.7,,1.8,0,0,0,0,0,-6.8,16.5,200000,40003,1025061,.77,1104479,28.4,301,0,5279,5300,0,563100000,3769,28.6,2.52,28,47.1,,1/Britain,363,N/A,N/A,N/A,N/A,N/A,B2,N/A,N/A,4,.34477884,0,0,0,0,0,1,0,4,2,68.65000000000001,0,0,0,0,45,79,0,3224,8.0783777,50,2850,-.7,50.7453203201294,40,,0,40,20,20,40,87,70,20,27,33,20,80,40,20,40,4.8,40.72,0,3,4,437,366,3.285,0,0,.2,2,-41764,minCons,2,0,26.7,0,-999,-999,1,-9,0,79.492,1160164,3,-999,1/Africa,0/notFree,26.9,0,1,,7,2,2,0,10.04,63,0,1.732050807568877,10.7,24,13.91,-999,31
Uganda,saho,60,3.600230726026225,1424508662.67091,,6.066952314682584,4.852936751036578,9.64011748367126,38.0184583082306,50.4943213226178,2.57555387286036,24,33.7,673.0700000000001,19822.5,57.2726,23.7065,46000,2.05010632904299,17.19809294790035,22.36779454552087,935.6791862693243,6.803326813282354,7.46753159680173,780,52.671760559082,2.13052010536194,34.8583877995643,45.8,2.61,,41.5,42.8,21.4,3.2,5922.248673689151,90.63460079824763,70.3369979858398,1359458,3.55574052888872,18.53562292949375,.000031252526456,111.1282533,,1,twenty,.0043365136,1,86.7,47,241038,42.3,9485,-4.1,4703000,10.4,0,0,0,2500000000,-1212000000,5.17,10800000000,2.1,3106000000,121000000,19,68,50000000,1020000,0,12,3463000000,7686000000,,704.4,8.9,20.6,21000,9991000000,4.4,31.49,2.8,9620681,15840000,68.58,375,15.7,,2.1,0,0,0,0,14160000000,-3.37,5.3,1500000,184065,23957740,3.31,43252966,40,1244,0,31490,32000,0,3654000000,20544,14.5,5.45,9.4,14.8,,1/Britain,200,N/A,N/A,N/A,B+,N/A,B2,B,N/A,30,.065586671,0,0,0,1,18,4,1,9,7,73.89,0,0,0,0,52,137,1,646,6.4707994,40,2400,-.6,15.6988218426704,66,,1,53,50,60,40,87,80,80,80,67,80,40,80,60,66,2.9,34.6,0,5,6,375,6918,1.68,1,0,11.5,5,843469,neither,3,0,21.9,0,0,60.75,2,-1,2,213.759,45741000,3,32,1/Africa,1/partFree,29,1,1,49.9,14,2,1,,15.09,45,0,0,9.800000000000001,24.4,5.54,4,32
Guinea,saho,60,.3610735008569668,158130000,,5.506431749966748,2.517729359831957,10.6160385122455,19.6652011035115,26.062490198745,2.71387667452076,15,69.3,27.84,,100.797,18,12700,2.02917402570411,30.59925874710723,45.60169628657432,828.771413365281,5.599999999925998,14.4919771414167,930,59.6673698425293,2.31593990325928,22.8070175438596,98.8,.6800000000000001,,,,43.7,,7693.410707092444,104.1425120925995,61.5340003967285,4964,2.83457538168629,.1887680555419359,.0000597560379346,106.5206626,,1,twenty,.0081883315,0,10.9,16,245857,36.1,1213,-.5,2794000,16.3,0,0,0,0,-705000000,8.4,1458000000,2.3,556100000,0,33,67,0,550000,0,0,598000000,5041000000,,937.6,5.8,5.1,3100,7924000000,11,52.4,9.4,2133974,5558000,63.2,576,19.1,,2,0,0,0,0,0,0,7.7,110000,0,12283911,2.76,12527440,37.9,1086,0,18460,19000,0,331800000,44301,16.6,4.92,2.7,1,1300,2/France,176,N/A,N/A,N/A,N/A,N/A,N/A,N/A,N/A,8,.060916215,0,0,0,1,3814,3,3,9,7,127.3,0,0,0,0,44,77,-999,802,6.6871085,33.333332,1999.9999,-1,17.1788886189461,44,,1,53,60,60,20,60,80,40,47,33,40,40,20,20,44,9.5,65.11,0,9,7,576,977,.832,0,1,84.40000000000001,6,-20000,neither,0,0,22.4,0,-999,,3,4,3,51.755,13132792,3,4,2/Muslim,1/partFree,28.2,0,1,21.5,18,3,2,-999,1.11,37,0,0,,36.5,5.85,3,7
Zimbabwe,saho,60,1.305923930266871,1729883840,,3.495055595045735,,15.8038970473848,19.9977496469528,22.2516710932407,3.75388979122588,27,31.6,359.33,,90.1023,27.0555,51000,.698600973197018,19.00060919577746,31.00475224533613,413.6159660467502,-8.100000198860926,5.74518717988444,1390,,5.87134981155396,31.8518518518519,54.6,4.87,,33.9,44.3,38.3,3.92,6207.658752167043,87.76646042818848,83.0989990234375,8956,1.41968104561509,,.0000362347250509,110.2108839,,1,none,.0023132849,1,87,196,390757,33.6,203056,-9.6,12060000,9.699999999999999,0,0,,0,-716000000,9.300000000000001,9357000000,5.9,7118000000,1239000000,58,37,2220000000,2122000,0,5,6800000000,4422000000,,1683.8,4.8,23.3,20000,7215000000,.3,30.3,241.7,3796618,7907000,62.3,458,20.5,,,0,0,0,0,0,-5,15.5,1400000,258419,12863830,1.87,14546314,82.3,3427,0,26400,27000,0,431800000,97267,21.5,3.93,11.3,16.5,,1/Britain,199,N/A,N/A,N/A,N/A,N/A,N/A,N/A,N/A,7,.04709705,1,.00672815,.00033046928,0,0,4,2,9,7,66.67,1,0,0,0,51,54,1,1091,6.9948502,25,1500,-1.2,51.6157925128937,50,,1,53,50,80,80,60,70,60,27,40,20,30,40,40,50,.9,39.27,0,8,6,458,3026,2.096,0,0,.9,4,-584288,neither,0,0,19.3,0,0,61.88,3,4,3,42.729,14862927,3,36,1/Africa,0/notFree,34.7,0,2,85.2,17,2,1,0,4.67,54,0,0,13.9,32.2,7.8,1,30
CapeVerde,saho,62,5.313323618336882,235867714.167815,,4.33137817459446,5.911873926381481,2.77272582273854,96.9000583608925,34.7787001010668,32.002600846291,9,37.5,8.69,675482,108.318,58.1714,1200,.486092072867728,50.86442619422994,65.35010239037116,4295.049756247954,5.66775245955813,.379099980746224,3630,87.2902069091797,5.18174982070923,20,14.9,.29,,3.4,42.4,,,18883.40939296987,78.95967678182208,60.4550018310547,,1.12792431423236,54.41156190473865,.0000432929759631,109.7835608,,0,none,.012195121,1,89.09999999999999,9,4033,19.1,15657,-3,867800,,0,0,0,0,-109000000,5.84,1713000000,5.2,367400000,0,79,0,0,162500,0,21,395000000,189000000,,3635.4,5.1,32.4,,836100000,2.9,24.1,1.1,330623,196100,73.47,58,26.8,43,,0,0,0,0,0,-.58,11.8,2500,60233,623749,1.24,583255,125.8,,0,5607,5600,0,617400000,1350,27.8,2.14,9,27.8,,3/neither,46,N/A,N/A,N/A,B-,N/A,N/A,B,N/A,5,.89929998,1,.17986,.0024390244,0,0,2,1,3,7,68.56999999999999,1,0,2,0,51,55,0,3244,8.0845623,0,0,.3,60.2447330951691,48,,1,60,40,40,80,67,60,40,40,53,40,40,40,20,48,1.1,13.56,0,2,7,58,410,7.814,0,0,.1,0,-6709,minCons,1,0,17.2,0,-999,74.01000000000001,0,10,0,135.58,555988,2,6,1/Africa,2/free,25,0,0,,5,1,1,1,5.6,69,0,1.414213562373095,,66.2,8.970000000000001,4,6
Togo,saho,63,2.428165927897148,458478354.636,,5.50576370504437,6.843382218164326,14.3393266663001,22.3537520362544,35.7313356081261,5.45218652601144,2.5,48.2,86.06,640683.272,77.19499999999999,12.3602,9550,3.1246316767528,30.06151744693735,41.59308706666322,1060.775678784372,5.338669812283484,11.167490757732,690,87.4238662719727,5.36956977844238,16.4835164835165,66.90000000000001,.9,78.1182636822948,51.1,43.1,55.1,2.64,3560.145312391707,96.63145246430636,77.5920028686523,11964,2.42033520841497,15.42242799938748,.0000596327423029,117.9703261,,1,none,.055646483,0,43.7,8,56785,32,26156,-3.8,2651000,15.2,0,0,0,0,-383000000,4.95,1442000000,5.4,1261000000,0,70,29,1140000000,230000,0,1,232600000,1862000000,,654.8,4.9,16.1,3000,2911000000,5,12.73,.6,1010609,2595000,77.29000000000001,396,20,415,3.1,0,0,0,0,0,-17.96,8.4,120000,45311,6477816,-.23,8608444,75.7,568,0,13100,15000,0,77800000,11734,21.5,2.81,6.9,3.9,50,2/France,37,N/A,N/A,N/A,N/A,N/A,N/A,N/A,N/A,34,.41069067,1,.012079137,.0016366612,0,0,4,0,8,7,114.9,0,0,0,0,37,58,0,613,6.418365,66.666664,4200,-1.1,17.6572009921074,39,,1,27,40,60,40,60,70,20,40,27,60,40,0,20,39,.7,46.99,0,5,7,396,611,.774,0,0,14,3,-9999,neither,2,1,23.6,,-999,58.77,2,-2,3,143.366,8278737,2,5,1/Africa,1/partFree,29.2,0,0,,13,2,2,2,2.46,43,1,1.732050807568877,7.6,42.2,2.96,3,12
SierraLeone,saho,66,8.921003303244261,62085873.75,,13.31843606000056,7.656687513664859,6.99664375139719,6.43151543397726,21.6259466795766,,8,30.7,40.72,,86.1336,9,8500,.734967689713532,15.98977826648111,37.52802675187596,1372.799060861891,5.507686457845324,7.88018419208946,540,83.2102737426758,7.70228004455566,12.3287671232877,109.2,.92,13.3495032576927,43,35.7,56.8,2.75,5238.804934957519,97.98252605243502,57.8959999084473,441,2.10907525200416,5.162511931914419,.0000524779171741,57.27583215,,0,twenty,.012121212,0,20.9,8,71740,35.4,,-7.9,984800,13.6,0,0,0,0,-407000000,9.699999999999999,1615000000,7.7,279000000,0,23,51,0,113300,0,26,300000000,1085000000,,536.1,4.6,10,2600,2619000000,15.5,65.34,14.8,568099,132000,60.19,1120,19.1,557,,0,0,0,0,0,-.96,8.699999999999999,78000,2586,5569221,2.44,6624933,63.9,,0,6439,6500,0,478000000,11700,15.6,4.58,15,9.4,800,1/Britain,295,N/A,N/A,N/A,N/A,N/A,N/A,N/A,N/A,2,.025072129,0,0,0,1,14124,4,3,6,7,148,0,0,3,0,62,85,0,494,6.2025356,100,6600,.5,13.7371480464935,40,,1,33,50,40,20,40,60,20,67,33,80,40,20,20,40,14.8,83.34999999999999,0,7,7,1120,165,.251,0,1,78,2,-21000,neither,2,0,30.5,0,-999,58.66,0,7,1,104.7,7976985,3,5,1/Africa,1/partFree,,0,1,,13,2,2,0,5.7,39,0,2.449489742783178,19.8,42.4,9.15,0,10
Gabon,saho,71,9.204073990931315,18458042.25,,.7377353686123896,8.568988479809296,6.53637696906845,62.5113072067858,44.3855484644179,,10,47.1,63.78,77320,138.281,62,6700,1.59301497980048,50.6731819374394,21.57661542121383,5832.40468601353,3.944946203641536,23.4210239098168,7170,,,17.910447761194,42.5,1.07,,3.4,38,33.4,,56241.61672662945,70.39283367727484,52.8950004577637,454,2.48408920696695,.7977796222690665,.0000626627822844,181.5712261,,1,none,.0234375,1,76.5,44,267667,26.3,29099,-1.9,4293000,6.4,214200,0,196000,2000000000,-725000000,9.41,6490000000,2.7,2071000000,0,51,49,344000000,671000,0,0,2244000000,10800000000,,8018.8,1.2,25.6,1100,5020000000,1.8,4.27,2.4,1313802,557800,81.3,252,21,40,1.6,401000000,0,0,401000000,28320000000,2.47,15,51000,22412,3008814,.48,2230908,62.7,649,4662,10680,24000,16580,981600000,14300,17.6,1.86,28,35.7,1600,2/France,521,N/A,N/A,N/A,CCC,N/A,Caa1,N/A,N/A,33,1.482661,1,.044929121,.00071022729,0,0,1,3,2,7,50.56,0,0,0,0,43,51,1,7220,8.8846102,66.666664,4733.333,-.8,63.2851600646973,27,,0,20,50,20,20,47,40,40,20,27,20,10,20,20,27,2.5,32.21,0,6,6,252,1408,6.819,0,0,11.2,3,16301,prod,11,0,14.4,0,-999,50.66,1,3,1,7.859,2225728,2,49,1/Africa,0/notFree,23.2,0,0,,8,0,2,0,8.74,49,0,3.3166247903554,,89.7,1.76,6,8
S_Sudan,saho,79,.0012502291294692,80440000,,15.91619944364516,,1.08609817039803,23.6534385621059,45.5775055664158,1.40783884669842,13,31.4,9.08,,33.463,7.97743,185000,3.36234159652322,36.65134928047074,28.89999990402955,393.1615880387993,-10.79336462711432,11.2455973797813,1090,,1.54390001296997,28.4595300261097,96.2,2.53,,,,82.3,,,96.10743090191529,72.38600158691411,298309,.782224434404954,.3877760076521132,,,,,war,.021164021,1,60.5,89,644329,38.8,200,-1.3,1224000,27.7,147300,0,150200,3750000000,-154000000,11.4,,1.5,391800000,0,100,0,0,80400,0,1,412800000,1130000000,,747.7000000000001,3.4,3.6,9100,3795000000,,69.90000000000001,187.9,814326,,55.5,1150,18.6,,3.5,0,0,0,0,63710000000,.2,6.6,190000,0,3439784,2.7,10561244,62.7,248,0,7160,8000,0,73000000,90200,8.5,5.54,,38.6,,1/Britain,227,N/A,N/A,CC,N/A,N/A,N/A,N/A,N/A,4,.035734292,0,0,0,0,0,3,3,11,6,109.2,1,0,0,0,67,106,,452,6.1136823,50,3950,-2.4,8.44199508428574,34,,1,33,40,20,20,60,80,40,40,20,20,30,20,20,34,187.9,62.37,0,11,2,1150,189,,1,0,6.2,6,-870998,prod,0,0,19.8,0,0,92.99,3,0,3,18.32,11193729,,7,1/Africa,0/notFree,29.9,2,3,,22,3,2,,,31,0,4.358898943540674,,19.9,9.91,,7
STAP,saho,97,6.708257311408057,11114429.3726563,,10.75361206550123,11.59896836512312,4.66317406649038,55.7417019497151,28.5395843568146,20.6102276193538,7,37,.73,41933,77.07810000000001,29.9312,,,,,2152.111901758821,1.301623446195265,1.90415209833025,1930,84.34609222412109,5.14906978607178,14.5454545454545,29.8,,,35.6,56.3,66.7,,13705.34472502325,55.69584497054477,57.7890014648438,,1.89076332349799,73.19355970951806,.0000384581034172,109.7934013,,,,15.818182,1,82.2,,964,29.7,1557,-2.4,148100,8.800000000000001,0,0,0,0,-32000000,6.3,292900000,5.1,61380000,0,88,11,0,18100,0,1,66000000,15600000,,1948.1,2.2,18.7,,127700000,5,41.7,7.8,61193,72600,66.3,130,19.3,17,,0,0,0,0,0,-7.9,12.4,1100,4614,160189,1.58,211122,88.40000000000001,,0,1027,1000,0,58950000,1300,26.2,3.82,12.2,20.8,,3/neither,114,N/A,N/A,N/A,N/A,N/A,N/A,N/A,N/A,174,79.393684,3,1.3688567,.27272728,0,0,,,,,81.86,,,,,70,92,,1921,7.5606012,0,0,-.6,45.6029891967773,32,,1,27,40,20,40,20,40,40,40,47,20,40,20,20,32,7.9,24.21,,,,130,11,.531,,0,.1,0,-8401,,0,0,18.5,,,,,,,212.841,219161,2,,0/neither,2/free,27.5,,,,,,,,5.88,55,,6.082762530298219,5.4,73.59999999999999,13.9,,
CAR,saho,99,1.1530456448981,,,27.470881989601,,8.10372476525413,16.318600945685,56.8284973827312,.707526311134695,22,73.3,20.47,,32.2513,4.33925,10150,1.49832255700385,18.65532802065335,47.47980242329161,409.7475654881645,2.970275647534066,9.06849427734746,520,40.8741683959961,,8.571428571428569,110.1,2,,,,,,2431.006797162554,80.77617535671941,71.9550018310547,7170,1.67474521186478,,.0000346798831034,78.02545759,,-999,war,.29012346,1,89.5,39,622984,33.2,608,-.9,413800,20.8,0,0,0,0,-163000000,12.3,779900000,1.2,159400000,0,50,50,0,38300,0,1,171400000,113700000,,480.7,4.3,5.4,3800,393100000,3.9,80.59999999999999,2.7,249336,2242000,54.2,829,20,,1.5,0,0,0,0,0,0,7.5,100000,2934,1892114,2.09,5990855,52.9,,0,2799,2800,0,304300000,24000,14.6,4.14,6.9,,2800,2/France,540,N/A,N/A,N/A,N/A,N/A,N/A,N/A,N/A,94,1.9462649,0,0,0,0,0,4,3,12,7,141.3,-999,-999,-999,-999,46,115,0,427,6.0567842,83.333336,8250,-1.7,12.8226339817047,17,,1,0,20,20,0,40,40,0,20,20,0,20,20,20,17,3,83.44,-999,11,7,829,324,.721,0,0,8.5,6,-200000,neither,0,0,23.1,-999,-999,19.05,3,6,2,7.479,4829764,1,-999,1/Africa,0/notFree,33.6,2,3,,23,3,3,0,2.38,33,0,6.244997998398398,,41.8,8.52,4,1
