country,dayNum,BXKLTDINVWDGDZS,BXTRFPWKRCDDT,CMMKTLCAPGDZS,DTODAODATGNZS,DTTDSDECTEXZS,EGEGYPRIMPPKD,EGELCACCSRUZS,ENATMPM25MCM3,FBCBKBRCHP5,ICREGDURS,ICTAXTOTLCPZS,IPJRNARTCSC,ISAIRPSGR,ITCELSETSP2,ITNETUSERZS,MSMILTOTLP1,MSMILXPNDGDZS,NEEXPGNFSZS,NEIMPGNFSZS,NVAGREMPLKD,NYGDPMKTPKDZG,NYGDPTOTLRTZS,NYGNPPCAPCD,SEPRMCMPTZS,SEXPDTOTLGDZS,SGGENPARLZS,SHDYNMORT,SHHIVINCDZS,SHSTASMSSZS,SIPOVDDAY,SIPOVGINI,SIPOVNAHC,SISPRPCAP,SLGDPPCAPEMKD,SLTLFCACTFMZS,SLTLFCACTZS,SMPOPREFG,SPPOPGROW,STINTRCPTXPZS,TGVALTOTLGDZS,TTPRIMRCHXDWD,UHC,allhouse,armedConflict,casesMD,christCountry,christPct,colLeg_n2,comDis,cumCasesLag1,cumCasesLag1P100KC,cumDeathsLag1,cumDeathsLag1P100KC,deathsMD,ebolaCasesDum,ebolaCasesN,ecoeff,ecoleg,effect,eiec,envMort,execnat,execrel,execrlc,exelec,firstCase,firstDeath,fraud,gdpPerCap,gdpPerCapLn,geoDiff,geoDiffXdayNum,govEffInd,govHlthSpd,hlthRisks,hlthWork,idaEligible,inflation,kidMort,legelec,legit,liec,matMort,medDocsN,medDocsPC,military,muslimCountry,muslimPct,nNeighbors,netMigration,netOilProd,newCases,newDeaths,nonComDis,oppmajh,oppmajs,percent1,poleff,polity,polleg,popDen,population,prepStatus,prtyin,regEff,regTypeFH_n,roadInj,sahoStatusEHA,seceff,secleg,sexHlth,sfi,soceff,socleg,state,subAbuse,svcCovInd,system,tempDiffS,tobCont,urbanPop,vacCov,yrcurnt,yrsoffc
Algeria,53,.80769166646636,1792000000,.2117483648870821,.0842058892013406,.5119016994682399,4.13270236532592,100,38.8840106983002,5.2242395493851,18,66.09999999999999,5231.44,6748653,109.356,59.5797,317000,6.00952348900797,22.79435880616596,29.23199678876852,19509.3252412694,.799999999999784,19.023326237193,4010,101.364631652832,,25.7575757575758,23.3,.09,17.6874771668945,,,,,45616.83833333508,21.64708288618945,41.1500015258789,98599,1.93395019121501,.4577914324006672,.0000454482516901,216.3094282,,1,twenty,.001914495,0,.2,2/France,61,139,.31698221,15,.034206711,.00020660019,0,0,1,3,3,6,40.33,1,0,3,0,27,43,1,4055,8.3077059,66.666664,3533.3333,-.4,65.9546911716461,80,,0,4.27,20.43,1,8,7,112,72604,17.193,0,1,97.90000000000001,6,-50002,prod,62,2,14.2,0,-999,81.53,1,2,3,17.348,43851043,4,18,2/Muslim,0/notFree,,1,1,1,77.2,11,0,1,1,.95,78,0,2.645751311064591,18.8,73.2,.007,2,18
Angola,57,-4.61458824224493,3445473.46759301,,.1704915710655718,26.7874372431497,3.60595906776897,3.8150702987396,32.3885049076425,9.44801349776762,36,49.1,30.12,1436959,46.5986,14.3391,117000,1.64466112900931,40.55687106744227,28.2934139960246,1216.21060908139,-.6246443177068954,26.7682069466731,2960,,,30,74.7,1.45,,51.8,51.3,32.3,,17318.3660977382,96.48093424864538,77.4929962158203,25793,3.2429826028718,1.345771733049796,.0000550049160383,176.4906107,,1,twenty,.00031249999,1,90.5,3/neither,351,2,.0060852664,0,0,0,0,0,2,3,7,2,67.25,1,0,3,0,52,60,0,4272,8.3598375,0,0,-1.1,46.27865254879,63,,0,17.1,51.87,1,9,6,241,6400,2.146,0,0,.2,4,32066,prod,1,0,16.5,0,-999,49.57,1,-2,1,23.89,32866268,3,42,1/Africa,0/notFree,23.6,1,2,2,24.2,16,2,3,1,6.94,40,0,1.732050807568877,,66.2,1.47,0,38
Benin,137,1.599587602120748,205102146.996,,4.042757362737275,5.852233873693483,9.074815370364609,18.3340276061638,38.9999587632257,3.94404210653488,8.5,48.9,227.74,899,87.702,20,12250,.652801729118102,29.63052719308062,34.05080512095495,2186.91600711854,6.865687335255984,2.36925711603047,1250,64.43959808349609,2.93396997451782,7.2289156626506,90.3,.52,,49.6,47.8,38.5,2.71,8209.467614489839,94.27948569667581,70.8679962158203,1238,2.71510535908362,4.827523820529848,.0000519710318002,131.3596149,,-999,none,.4537445,1,53,2/France,55,412,3.3984432,6,.04949189,.0066079297,0,0,3,2,6,7,119.1,0,0,0,0,50,68,0,826,6.7165947,75,10275,-.6,29.9844712018967,35,,1,-.9,60.41,0,4,7,397,908,.791,0,0,23.8,4,-10000,minCons,58,1,19.6,0,-999,24.73,1,7,0,99.11,12123198,2,-999,1/Africa,2/free,27.5,0,0,0,,10,2,2,2,2.81,40,0,8.774964387392123,7.2,47.9,4.95,4,1
Botswana,63,1.422688625053449,50097077.953,,.4828739717987269,3.17329627634523,3.35102805516129,27.8826111458015,23.094386181065,9.2918217828582,48,25.1,280.57,299351.994,173.811,47,9000,2.77020292125919,33.58767708715632,40.52308192815995,1696.715283290024,2.966125647812334,1.21788884624381,7650,,,10.7692307692308,41.6,8.23,,14.5,53.3,,7.97,46299.25036737684,85.01521205852663,70.81999969482421,1113,2.1752909092404,7.836655577571904,.0000643221954819,83.91428997,,1,none,.0026362038,1,72.09999999999999,1/Britain,253,3,.12757136,0,0,0,0,0,1,0,1,6,52.99,0,0,1,0,62,63,0,7595,8.9352455,75,4725,.3,75.6595969200134,30,,0,2.8,32.3,0,2,7,144,1138,5.269,0,0,.4,4,14999,minCons,1,1,20.3,0,-999,-999,0,8,1,4.044,2351625,2,51,1/Africa,2/free,23.8,1,0,0,,3,0,1,1,6.59,61,2,1.732050807568877,23.7,70.2,6.78,2,9
BurkFas,51,1.300436384511541,476154362.86,,7.22253250722678,3.030131532840337,6.03244507030799,,42.9355925055958,3.07768148113688,13,41.3,251.99,203296.242094835,100.212,16,11200,2.42994839861159,25.36905712793275,31.3562031627096,1886.155027900168,5.699434934240344,14.1705432416317,780,64.54945373535161,5.38379001617432,13.3858267716535,87.5,.19,,,,41.4,,6323.509559005616,77.92478745804402,66.4300003051758,25869,2.84422255256232,4.609819685009589,.0000539122375074,138.8304461,,1,none,.020295203,0,22.5,2/France,47,33,.15786998,1,.0047839386,.00061500614,0,0,3,3,9,7,92.70999999999999,0,0,2,0,41,49,1,642,6.4645882,0,0,-.6,43.30193400383,44,,1,-3.2,55.3,0,7,7,320,1626,.847,1,1,61.6,6,-125000,neither,7,0,21.7,0,0,53.5,3,6,0,70.151,20903278,2,2,1/Africa,1/partFree,30.5,1,0,1,45,16,3,3,,12.03,40,0,3,16,30,5.76,2,2
Burundi,35,.0346893868762326,48328632,,14.78228853163409,9.710181705869987,7.72218437489304,3.43518375552102,38.8962679482295,3.22270804156733,5,41.2,21.12,,57.6156,2.66075,51050,1.76513100608552,9.131191568901574,32.72616867073746,183.8515384930983,1.84247667669986,11.2142533660784,280,59.3764190673828,5.07864999771118,36.3636363636364,56.5,.2,,,,,,1764.444626396421,103.3603591096848,79.1539993286133,78465,3.12896711408085,1.367914795759357,.0000354210286015,147.3396173,,1,war,0,1,91.5,3/neither,107,0,0,0,0,0,0,0,4,2,12,7,100.2,1,0,0,0,62,76,0,290,5.6698809,0,0,-1.4,24.7139275074005,48,,1,-.7,41.17,0,9,7,548,1084,1.001,0,0,2.8,3,10003,neither,0,0,22.9,0,0,73.91,3,-1,3,423.062,11890781,2,-999,1/Africa,0/notFree,34.7,1,2,2,39.3,21,3,2,1,7.19,42,0,5,12.6,13.4,9.050000000000001,3,12
Cameroon,137,2.003817311616391,333554496,,3.06720080049873,14.11332197663828,4.77752966152165,23.033573776803,72.7930962237353,2.19823412672764,13.5,57.7,875.62,198881.213,81.75530000000001,23.203,34400,1.09666376169493,20.21468714851534,24.65303407532357,1151.820425426756,3.720711422322466,6.20460583973401,1500,65.4980392456055,3.13120007514954,31.1111111111111,74.8,1.1,,,,35,,8597.492952284381,87.67941189502596,76.072998046875,406259,2.58424710709784,8.66995237929682,.0000258797351572,153.92527,,1,war,5.1965256,1,70.3,3/neither,179,9572,36.05835,275,1.0359429,.14929424,0,0,2,2,7,6,117.6,0,0,0,0,37,56,1,1451,7.2800083,100,13700,-.8,13.3175760507584,42,,1,2.5,51.59,0,9,6,529,1842,.881,0,0,18.3,6,-24000,neither,292,1,21.6,0,-999,77.99,2,-4,3,50.885,26545864,3,51,1/Africa,0/notFree,30.1,0,1,2,,16,2,2,0,5.65,46,0,8.774964387392123,9.300000000000001,57,2.9,1,35
CapeVerde,62,5.313323618336882,235867714.167815,,4.33137817459446,5.911873926381481,2.77272582273854,96.9000583608925,34.7787001010668,32.002600846291,9,37.5,8.69,675482,108.318,58.1714,1200,.486092072867728,50.86442619422994,65.35010239037116,4295.049756247954,5.66775245955813,.379099980746224,3630,87.2902069091797,5.18174982070923,20,14.9,.29,,3.4,42.4,,,18883.40939296987,78.95967678182208,60.4550018310547,,1.12792431423236,54.41156190473865,.0000432929759631,109.7835608,,0,none,.012195121,1,89.09999999999999,3/neither,46,5,.89929998,1,.17986,.0024390244,0,0,2,1,3,7,68.56999999999999,1,0,2,0,51,55,0,3244,8.0845623,0,0,.3,60.2447330951691,48,,1,1.1,13.56,0,2,7,58,410,7.814,0,0,.1,0,-6709,minCons,1,0,17.2,0,-999,74.01000000000001,0,10,0,135.58,555988,2,6,1/Africa,2/free,25,1,0,0,,5,1,1,1,5.6,69,0,1.414213562373095,,66.2,8.970000000000001,4,6
CAR,99,1.1530456448981,,,27.470881989601,,8.10372476525413,16.318600945685,56.8284973827312,.707526311134695,22,73.3,20.47,,32.2513,4.33925,10150,1.49832255700385,18.65532802065335,47.47980242329161,409.7475654881645,2.970275647534066,9.06849427734746,520,40.8741683959961,,8.571428571428569,110.1,2,,,,,,2431.006797162554,80.77617535671941,71.9550018310547,7170,1.67474521186478,,.0000346798831034,78.02545759,,-999,war,.29012346,1,89.5,2/France,540,94,1.9462649,0,0,0,0,0,4,3,12,7,141.3,-999,-999,-999,-999,46,115,0,427,6.0567842,83.333336,8250,-1.7,12.8226339817047,17,,1,3,83.44,-999,11,7,829,324,.721,0,0,8.5,6,-200000,neither,0,0,23.1,-999,-999,19.05,3,6,2,7.479,4829764,1,-999,1/Africa,0/notFree,33.6,1,2,3,,23,3,3,0,2.38,33,0,6.244997998398398,,41.8,8.52,4,1
Chad,63,5.007877927951783,,,7.904276541193081,,2.78131878010528,2.74551059527495,66.0292054967769,1.00015989898132,58,63.5,15.45,,48.0648,6.5,32850,2.17578021033377,36.74225343638259,37.82827211947323,1536.503487609292,3.24718191743429,23.9544291479125,700,40.5602188110352,2.45481991767883,14.8809523809524,113.8,.5,,,,42.3,,4282.449147368077,82.45838350924414,70.69899749755859,442670,2.98593746093303,,.0000413877166426,159.3552277,,1,twenty,.010752688,0,40.6,2/France,142,7,.04261573,0,0,0,0,0,3,3,10,7,180.9,0,0,0,0,50,90,0,719,6.5778613,33.333332,2100,-1.4,15.805572271347,30,,1,-1,70.84,0,9,6,1140,651,.434,1,1,55.3,6,10000,prod,0,0,23.9,0,0,59.92,3,-2,1,11.833,16425859,2,27,2/Muslim,0/notFree,27.6,1,1,2,17.5,19,3,3,0,1.37,28,0,1.732050807568877,11.8,23.3,3.26,1,27
Comoros,137,.6741568997039023,135189373.28746,,7.305012020360689,3.10008683935656,4.6913729905816,76.9863474245396,20.5468245996681,3.67783696729435,16,219.6,3.28,,67.6022,8.47817,,,12.80956693038619,29.26610026425661,2901.799122384639,1.986109516578736,1.39008081079156,1400,76.7200775146484,2.5450599193573,6.06060606060606,62.9,.01,,,,,,12170.49852037028,73.24550127258424,43.2809982299805,,2.20587743735692,50.43511597404908,.0000234165937933,80.65635555,,,none,.81481481,0,.5,2/France,35,176,20.239307,2,.22999212,.0092592593,0,0,3,3,7,7,93.66,0,0,0,0,93,96,0,1329,7.1921821,0,0,-1.6,12.7480328083038,27,,1,-4.3,49.68,0,5,7,273,216,2.715,0,1,98.3,0,-10000,neither,0,0,22.9,0,-999,15.1,2,-3,0,437.352,869595,1,1,2/Muslim,1/partFree,26.5,0,0,0,,12,2,2,1,.69,52,0,8.774964387392123,19.5,29.2,8.26,4,1
Congo,58,27.43928774100536,7704784.23041959,,1.25643493229333,6.46420990691189,4.01614200972051,20.1895811049718,46.6382202758892,4.04440895850066,49.5,54.3,66.68000000000001,541787.136860717,95.34050000000001,8.65,12000,2.66289875872558,69.08843007401636,53.1609994991374,1049.601967781568,-3.544130305841549,54.9163561158019,1720,,3.51104998588562,11.2582781456954,47.8,2.5,,,,,,9993.375849099639,94.58792391593228,69.447998046875,25668,2.5629008034182,.9333393933463617,.0000838972120318,188.8520534,,0,twenty,.0055325036,1,88.5,3/neither,373,4,.072488822,0,0,0,0,0,2,2,5,7,72.8,0,0,3,0,46,62,0,2146,7.671361,20,1160,-1.2,40.7357543706894,33,,1,2.2,35.73,1,8,7,378,723,1.645,1,0,1.2,5,-20000,prod,0,0,16.7,0,0,60.19,2,-4,2,15.405,5518092,3,20,1/Africa,0/notFree,27.4,1,0,2,38.5,13,1,2,1,9.27,39,0,1.414213562373095,16.1,67.40000000000001,2.26,6,20
CotIv,137,1.723120369840882,338023577.248,,1.708859427176208,12.34869857585623,7.23590098153217,32.9375263985135,25.8862663364222,5.0170245255109,19.5,50.1,248.14,748540,145.341,36.4538,27000,1.13999422219699,23.77627756091137,22.62463689425778,2594.36005285717,6.231709513050831,2.64143389137838,2290,78.750846862793,3.25603008270264,10.9803921568627,79.3,.8,,29.8,41.5,39.5,,16241.41920616896,73.47726704708096,56.9529991149902,2020,2.54933623927928,3.951513980581478,.0000394349620409,155.3118785,,0,twenty,.92519087,0,44.1,2/France,137,4848,18.378761,45,.17059493,.008587786,0,0,3,2,7,6,143.7,0,0,0,0,42,60,0,1566,7.3562799,80,10960,-.6,28.4602016210556,44,,1,-1.1,,0,9,7,617,5240,2.314,0,0,37.5,5,-40000,neither,236,0,29.1,0,-999,83.7,2,4,2,76.399,26378275,3,7,2/Muslim,1/partFree,23.6,0,0,2,31.1,16,2,3,1,2.71,47,0,8.774964387392123,13,51.2,3.92,3,7
DemRepCongo,67,2.68050441477657,2076317927.82742,,5.509979408236636,8.392294712505089,20.937,,44.9092635986842,1.02909513498086,7,50.7,148.72,550457.892628576,42.7733,8.6199,134250,.6738169002465371,30.10525162534805,33.06858917745799,333.7475912764607,4.384528881038818,25.5192509489693,530,69.9111709594727,1.45494997501373,10,84.8,.31,,,,,,3345.659886639785,91.64063124283092,63.4620018005371,523733,3.18708630238904,.3762053061653478,.0000257932689246,132.3246801,,-999,war,.026406035,1,95.8,3/neither,320,154,.17194907,18,.020097943,.0030864198,1,3639,4,3,13,7,100.7,0,0,0,0,41,52,0,462,6.1355648,55.555557,3722.2224,-1.6,9.949006885290149,35,,1,2.9,67.89,0,11,7,473,5832,.74,1,0,1.5,9,119303,neither,0,0,19.4,0,0,45.95,3,-3,3,35.879,89561404,3,-999,1/Africa,0/notFree,33.7,1,3,3,,24,3,2,,2,41,0,2.645751311064591,,4.6,5.14,0,17
Djibouti,53,5.471669542729676,58969164,,5.695110085145295,1.523660205262948,3.41189662230203,23.8328299196984,45.5496175977411,9.43078673073798,14,37.9,6.16,,41.1959,55.6814,13450,,149.1784929050459,139.0382049429954,,7.770497257263827,.263159721953977,3310,66.3802871704102,3.62773990631104,26.1538461538462,57.5,.16,36.4404381791735,17,41.6,21.1,,14466.77392327326,73.71496572195728,60.2430000305176,19639,1.51518050206022,1.249379012982143,.0002270625704489,99.7828001,,1,twenty,.0049751243,0,2.3,2/France,234,1,.10121437,0,0,0,0,0,2,3,5,6,98.98,0,0,0,0,49,71,0,1927,7.5637197,0,0,-.9,47.0487862825394,32,,1,3.3,49.8,0,7,6,248,201,2.237,0,1,96.90000000000001,2,4501,minCons,0,0,19.6,0,-999,87.06999999999999,1,3,0,41.285,988002,2,37,2/Muslim,0/notFree,,1,0,1,,12,2,3,1,.43,47,0,2.645751311064591,,77.90000000000001,9.140000000000001,4,18
Egypt,55,2.972725250361685,26781400000,14.58296912988745,.8477636984099707,16.09796713789645,3.51107011031528,100,86.99945205032721,6.64388915234769,12.5,44.4,13326.67,12959679.654,94.9717,57.2829,835500,1.1804530017153,17.49995302782632,25.7651767093174,5852.993628320841,5.557683887915928,6.91132839002778,2690,104.609298706055,,14.9328859060403,20.3,.09,60.7405279186915,3.8,31.5,32.5,5.06,42923.82689766264,30.95345625841184,46.4129981994629,258391,1.97628434808829,24.61085108774867,.0000329642207316,152.0270581,,0,war,.0073479842,0,5.1,1/Britain,12,327,.31954062,14,.013680639,.00031459262,0,0,2,0,5,6,73.26000000000001,1,3,0,0,16,39,1,2000,7.6009026,0,0,-.6,32.9952418804169,83,,0,14.4,17.94,0,5,6,37,44502,4.521,1,1,94.90000000000001,2,-190164,neither,39,5,27.7,,-999,96.91,2,-4,3,97.999,102334403,4,6,2/Muslim,0/notFree,9.699999999999999,1,0,2,,10,1,0,1,.36,68,0,2.23606797749979,21.4,42.7,.28,2,1
EqGuinea,45,4.101717107931703,,,.0550514729827304,,2.21443685935807,6.60948257259865,53.2406210371101,6.43886058894921,33,79.40000000000001,2.6,420832.256307905,45.1669,26.24,1450,1.07214133360045,55.13387379163441,52.24744123989672,1237.2637517335,-5.57630845388924,33.7264464928224,6460,40.7759208679199,,21,81.8,6.48,,,,,,50769.97792947945,81.66475798144366,61.9669990539551,,3.528524074108,,.0000716437946649,179.6565263,,1,none,0,1,88.7,3/neither,181,0,0,0,0,0,0,0,0,3,4,6,100.1,0,0,0,0,45,85,1,9850,9.1952267,0,0,-1.3,18.8326090574265,22,,0,1.2,62.21,0,8,6,301,507,4.017,1,0,4,2,79998,prod,1,0,22,0,-999,93.53,2,-6,1,45.194,1402985,2,29,1/Africa,0/notFree,24.6,1,0,1,,12,2,3,,7.23,45,0,3.872983346207417,,72.59999999999999,1.11,6,38
Eritrea,62,,,,,,4.8289725556255,34.5870286550019,48.0301986806015,,84,83.7,21.37,101357.3758656,20.364,1.30891,201750,,,,,,,,60.2705116271973,,22,40.5,.15,,,,,,,83.60320150013644,78.38800048828131,199,,,,87.49763373,,1,twenty,.056603774,1,62.9,3/neither,86,12,.33836874,0,0,0,0,0,4,2,9,2,95.47,0,0,0,0,52,137,-999,1146,7.0440331,33.333332,2066.6665,-1.7,27.2490590810776,49,,1,-16.37,31.32,0,6,2,480,212,.628,0,0,36.6,3,-199290,neither,3,0,23.9,0,0,-999,2,-7,0,44.304,3546427,2,24,1/Africa,0/notFree,25.3,1,0,3,,15,3,1,0,1.44,38,1,1.414213562373095,7.2,40.7,8.74,-999,24
EswSwa,57,2.861860595918376,118702081.809135,,2.751805398241995,2.766262659959641,4.61164581757375,70.1845826295376,17.1687873115117,6.96854201035326,21.5,35.8,34.05,52744,93.5273,47,,1.82325832243618,45.89519592425994,43.19706476376386,13960.58946879887,2.243919524528494,2.3502588285595,3670,94.4848709106445,,7.2463768115942,49.4,9.77,,29.2,54.6,58.9,5.73,33899.91222372525,85.4649550378997,52.5050010681152,940,1.04530919354082,.8634572163239257,.0000857858728947,102.2183413,,1,none,.010928961,1,88.09999999999999,1/Britain,363,4,.34477884,0,0,0,0,0,1,0,4,2,68.65000000000001,0,0,0,0,45,79,0,3224,8.0783777,50,2850,-.7,50.7453203201294,40,,0,4.8,40.72,0,3,4,437,366,3.285,0,0,.2,2,-41764,minCons,2,0,26.7,0,-999,-999,1,-9,0,79.492,1160164,3,-999,1/Africa,0/notFree,26.9,1,0,1,,7,2,2,0,10.04,63,0,1.732050807568877,10.7,24,13.91,-999,31
Ethiopia,137,2.623459551881634,531044170.009023,,5.876660243291567,28.94152430132709,13.6692641670453,32.6536723185129,38.9787377576037,,32,37.7,1994.44,12631216,36.2007,18.6181,138000,.601169492105336,7.9399766087609,20.87532439828137,591.2741783418372,8.364085699078899,6.16120994425757,850,54.1109008789063,4.73791980743408,38.7568555758684,50.7,.23,,32.6,35,23.5,3.03,4779.791483993687,85.64049238443957,79.5500030517578,733123,2.57956334803926,46.53522827936827,.0000180528957529,128.9530252,,1,war,.37712926,1,62.8,3/neither,140,3166,2.7539155,55,.047841236,.0065515186,0,0,4,3,10,6,82.09999999999999,0,0,0,0,44,67,1,720,6.5792513,83.333336,11416.667,-.6,24.9451786279678,63,,1,15.8,37.93,0,10,6,401,8395,.769,0,0,34.6,6,150002,neither,179,2,18.3,0,-999,-999,2,1,3,104.957,114963583,3,5,1/Africa,0/notFree,26.7,0,2,2,59.4,20,2,2,1,2.36,39,2,8.774964387392123,4.6,21.2,4.22,3,5
Gabon,71,9.204073990931315,18458042.25,,.7377353686123896,8.568988479809296,6.53637696906845,62.5113072067858,44.3855484644179,,10,47.1,63.78,77320,138.281,62,6700,1.59301497980048,50.6731819374394,21.57661542121383,5832.40468601353,3.944946203641536,23.4210239098168,7170,,,17.910447761194,42.5,1.07,,3.4,38,33.4,,56241.61672662945,70.39283367727484,52.8950004577637,454,2.48408920696695,.7977796222690665,.0000626627822844,181.5712261,,1,none,.0234375,1,76.5,2/France,521,33,1.482661,1,.044929121,.00071022729,0,0,1,3,2,7,50.56,0,0,0,0,43,51,1,7220,8.8846102,66.666664,4733.333,-.8,63.2851600646973,27,,0,2.5,32.21,0,6,6,252,1408,6.819,0,0,11.2,3,16301,prod,11,0,14.4,0,-999,50.66,1,3,1,7.859,2225728,2,49,1/Africa,0/notFree,23.2,1,0,0,,8,0,2,0,8.74,49,0,3.3166247903554,,89.7,1.76,6,8
Gambia,137,1.766964326067595,275477907.865999,,14.17204081740854,13.41188534480967,4.49808095319411,35.462971359463,33.9826385538147,7.08986827329689,8,48.4,33.83,109542.145080475,139.529,19.8365,800,.824343185875422,20.63737759407393,34.90131484938572,1884.563044156269,6.056765744219206,2.47089684439385,750,78.942512512207,2.42030000686646,10.3448275862069,51.7,1.77,,10.3,35.9,48.6,,7364.623025695686,75.27541521282618,59.4010009765625,4302,2.92185023710734,48.2694865019217,.0000412360127402,104.335981,,1,none,.13145539,0,4.5,1/Britain,158,28,1.158622,1,.041379355,.0046948357,0,0,4,3,9,7,97.3,0,0,0,0,48,54,0,709,6.5638556,100,13700,-.6,22.8928819298744,38,,1,7.1,36.82,1,6,6,597,213,1.021,1,1,95.09999999999999,1,-15436,neither,0,0,20.4,0,-999,43.29,3,4,0,207.566,2416664,2,1,2/Muslim,1/partFree,29.7,0,0,1,,15,2,2,1,3.55,44,0,8.774964387392123,14.4,61.9,20.92,4,1
Ghana,60,3.461741105667206,3520561664,,1.660566472317982,7.290878843487011,3.74524032187346,67.3491637385204,34.713514102152,8.543351560585551,13,55.4,1275.99,597343,134.319,39,15500,.4419360778819511,35.97678234632464,35.40140847012138,3364.755152241442,6.478394805358988,14.0791263304777,2220,93.8091125488281,3.98943996429443,13.0909090909091,46.2,1.1,,13,43.5,23.4,6.64,13322.93408716185,88.50760546358512,67.79799652099609,11946,2.16257788677108,4.423765369745364,.0000434120966067,190.2605046,,1,twenty,.035633054,1,74.90000000000001,1/Britain,144,141,.45377097,5,.016091168,.0012635835,0,0,3,2,6,7,101.5,0,0,1,0,43,52,0,1056,6.9622436,33.333332,1999.9999,-.2,33.4704041481018,49,,1,7.2,34.96,0,5,7,308,3957,1.359,0,0,15.8,3,-50000,prod,11,0,20.8,0,-999,53.85,1,8,1,126.719,31072945,3,9,1/Africa,2/free,24.9,1,0,1,46.2,11,2,1,1,2.75,47,,0,3.7,56.7,5.54,3,1
Guinea,60,.3610735008569668,158130000,,5.506431749966748,2.517729359831957,10.6160385122455,19.6652011035115,26.062490198745,2.71387667452076,15,69.3,27.84,,100.797,18,12700,2.02917402570411,30.59925874710723,45.60169628657432,828.771413365281,5.599999999925998,14.4919771414167,930,59.6673698425293,2.31593990325928,22.8070175438596,98.8,.6800000000000001,,,,43.7,,7693.410707092444,104.1425120925995,61.5340003967285,4964,2.83457538168629,.1887680555419359,.0000597560379346,106.5206626,,1,twenty,.0081883315,0,10.9,2/France,176,8,.060916215,0,0,0,1,3814,3,3,9,7,127.3,0,0,0,0,44,77,-999,802,6.6871085,33.333332,1999.9999,-1,17.1788886189461,44,,1,9.5,65.11,0,9,7,576,977,.832,0,1,84.40000000000001,6,-20000,neither,0,0,22.4,0,-999,,3,4,3,51.755,13132792,3,4,2/Muslim,1/partFree,28.2,1,0,1,21.5,18,3,2,-999,1.11,37,0,0,,36.5,5.85,3,7
Guinea-B,137,2.285482339895757,130991138.816,,10.45913265423637,3.289964695802487,12.0192721522321,9.987460547554569,29.774702280636,3.7797554498224,8.5,45.5,15.01,,82.79259999999999,3.93051,4450,1.42467488288604,23.49763888287177,33.51091696207177,830.5274858740487,4.600094045400539,9.23605138652227,820,,,13.7254901960784,78.5,1.85,,,,,,4899.638442497055,83.70309992835534,71.963996887207,1846,2.45652209459577,5.259808956235029,.0000400911071384,101.4060913,,1,twenty,6.4317179,0,19.7,3/neither,361,1460,74.187065,15,.76219589,.066079296,0,0,4,3,10,7,108.4,1,0,3,0,57,88,1,723,6.5834093,100,13700,-1.5,8.197737485170361,25,,1,1.5,53.97,0,7,7,667,227,1.274,0,0,45.1,2,-6996,neither,0,0,20,0,-999,40.89,3,6,0,66.191,1967998,2,3,1/Africa,1/partFree,31.1,0,0,1,,17,3,3,,5.38,40,0,8.774964387392123,,43.8,13.53,2,1
Kenya,57,1.395176768500402,2838192215.41577,26.2415806479432,2.882437618044008,38.19827218402264,7.84569055131701,71.6769824635348,28.5783742715702,4.65145974036471,23,37.2,1246.76,6417534.056,103.769,22.5651,29100,1.1559413296704,12.03179759269678,21.36964547511591,1119.891127453613,5.365748965474637,1.30975865915303,1750,99.6787414550781,5.30625009536743,21.7765042979943,43.2,1.47,,37.1,40.8,36.1,,9791.703931062357,93.25489328810579,74.6959991455078,438899,2.27190164034829,14.96841743400596,.0000246002515307,102.7393628,,0,twenty,.0031086793,1,84.8,1/Britain,267,25,.046493202,0,0,0,0,0,3,1,5,7,39.89,0,0,0,1,44,57,1,1507,7.3178763,0,0,-.4,42.7392691373825,43,,1,4.7,32.82,1,5,7,342,8042,1.565,0,0,9.699999999999999,5,-50000,neither,6,1,13.4,0,-999,50.51,0,9,1,87.324,53771300,3,4,1/Africa,1/partFree,27.8,1,0,2,77.59999999999999,10,2,1,,2.78,55,0,1.732050807568877,11.8,27.5,3.42,1,4
Lesotho,48,4.950727159159585,495111530.478681,,5.187595365402138,4.986483097186278,9.72402849997534,37.713245215003,28.0286535158261,3.73653086374493,15,13.6,18.54,,113.831,29,2000,1.54686363496641,45.16940721798635,94.19669450549483,1831.981328109345,-.805720588882366,3.34485217737893,1380,85.6288528442383,6.98518991470337,23.3333333333333,86.40000000000001,11.35,,27.8,44.9,49.7,,7701.707560926479,79.22016095481,67.8840026855469,143,.80956647567982,1.914584494338205,.0001292329668483,76.90000546,,0,none,0,1,96.8,1/Britain,654,0,0,0,0,0,0,0,3,0,7,7,113.4,0,0,0,0,106,137,0,1178,7.0715733,0,0,-.9,62.9203021526337,29,,1,5.2,69.09,1,3,7,544,138,.692,0,0,.1,1,-50234,neither,0,0,26.6,0,-999,-999,2,8,0,73.562,2142252,2,5,1/Africa,1/partFree,28.9,1,0,1,,10,2,2,0,4.59,48,2,3.464101615137754,29.7,28.6,12.09,3,2
Liberia,51,4.487841970382783,301266549.634474,,20.18924655111426,7.092725614729206,25.9923426815392,7.39076599217818,17.9841124551525,3.17217173573836,18,46.2,25.39,,56.569,7.98448,2100,.516520750324204,28.72532814576146,98.72694774214162,786.9433955892793,-2.278245125348192,21.5580521739621,580,60.595401763916,2.58412003517151,12.3287671232877,84.59999999999999,.74,,44.4,35.3,50.9,,3249.342888857179,89.38535082392077,76.31500244140631,8225,2.42719460419122,,.0000454972077839,135.4239242,,0,twenty,.011904762,1,85.90000000000001,1/Britain,308,2,.039543845,0,0,0,1,10678,4,3,7,6,83.31999999999999,0,0,0,1,47,66,0,583,6.368187,0,0,-1.3,17.2045513987541,46,,1,23.6,63.31,1,5,7,661,168,.376,0,0,12,3,-25000,neither,0,0,17.6,,,43.93,1,7,0,49.127,5057677,3,12,1/Africa,1/partFree,35.9,1,0,0,,12,2,2,,6.12,39,0,3,8.4,51.6,12.84,0,12
Libya,52,,,,.5667113273576602,,4.2082609407282,,54.2546817939319,11.3635224245746,35,32.6,161.9,1367458,91.4793,21.7589,,,64.37081654247538,53.10223086648105,,2.535953477586773,43.4425754223686,7640,,,15.9574468085106,11.5,.1,26.111477412507,,,,,52134.62720647168,51.98132381156203,49.6860008239746,4730,1.46977765305762,,.000074511694097,159.1837304,,-999,war,0,0,2.7,3/neither,59,0,0,0,0,0,0,0,1,3,5,2,43.3,1,0,3,0,55,64,-999,3941,8.2791901,16.666666,866.66663,-1.8,63.2939338684082,54,,0,2.6,10.23,0,9,2,72,13757,20.905,1,1,96.59999999999999,6,-9997,prod,0,0,20.1,-999,-999,-999,3,0,3,3.623,6871287,2,-999,2/Muslim,0/notFree,26.1,1,1,3,,14,0,0,2,.019,64,0,2.82842712474619,,80.40000000000001,.8100000000000001,-999,3
Madagascar,53,1.610155326137525,433036326.764304,,5.15621218389738,2.52015413300957,5.36685845365726,.0210775915726449,22.5422828750867,2.38096017385245,8,38.3,127.41,544458,40.5703,9.800000000000001,21500,.613169182245806,26.59677096615787,33.2849407882704,362.4475096050612,4.85100000002106,6.09048638987572,520,63.2768211364746,2.82548999786377,15.8940397350993,50.6,.4,,,,,,3264.181374194409,93.74170582816812,86.1269989013672,113,2.65624016241262,20.2238771323715,.0000465261888137,72.88795331999999,,0,none,.00070175441,1,85.3,2/France,233,3,.010833837,0,0,0,0,0,4,1,9,3,79.94,0,0,0,0,51,109,0,516,6.2461066,0,0,-1.2,46.8804866075516,29,,1,5.6,37.46,0,3,7,335,4275,1.812,0,0,3,0,-7500,neither,0,0,22.9,0,0,15.85,3,6,1,43.951,27691019,2,3,1/Africa,1/partFree,28.6,1,0,1,,12,2,0,2,1.97,28,0,2.645751311064591,28.9,37.9,4.4,2,3
Malawi,137,1.283768589130046,217457944.497448,,18.82219299102263,8.696739280590967,4.08477835402939,10.4465433110195,23.5659214726087,3.37133223522155,37,34.5,231.21,7117,47.7811,13.7822,14700,.885396813321633,31.00801490650908,35.5964946761968,769.2204306814176,4.369238990752166,6.22414767571497,380,80.3485870361328,4.71483993530273,22.9166666666667,41.6,3.71,,70.8,44.7,51.5,2.01,2589.87583559744,89.50827928841602,76.7180023193359,14087,2.64037519341292,3.866248431011193,.000048991063054,110.1184739,,0,none,.81510013,1,82.7,1/Britain,146,529,2.7652967,5,.026137019,.0077041602,0,0,4,3,7,7,53.97,0,0,1,0,64,69,0,340,5.8289456,33.333332,4566.6665,-.7,30.6460410356522,35,,1,9.4,32.07,0,6,7,349,649,.358,0,0,13,3,-80263,neither,18,1,16.4,0,-999,36.42,1,6,1,197.519,19129955,3,23,1/Africa,1/partFree,31,0,0,1,74.59999999999999,13,2,1,0,3.63,46,0,8.774964387392123,12.8,17.2,13.38,2,3
Mali,137,2.857845696392336,1034339163.264,,9.010769432253893,4.827020532836407,2.82641942372024,25.4029303790148,38.5266061638458,4.96193644493086,11,54.5,90.37000000000001,,115.085,13,21000,2.70917035865403,23.32308808410456,34.62902568024846,1230.486060796372,4.751341534169114,10.2132579072996,870,49.6143913269043,3.78730988502502,9.52380952380952,94,,18.7094041523327,,,42.1,,6706.083391629236,75.97782229538281,70.81300354003911,26672,2.99663676010293,6.061811676572755,.0000482014400918,161.254473,,-999,war,.72371638,0,3.2,2/France,52,1776,8.770009,104,.5135591,.042379789,1,8,3,2,7,6,106.6,0,0,0,0,56,62,0,821,6.7105231,71.428574,9785.7148,-1,34.9335610866547,48,,1,-1.7,61.79,0,8,7,562,2454,1.286,0,1,92.40000000000001,7,-200000,neither,33,0,24.6,0,-999,39.79,2,5,1,15.196,20250834,3,4,2/Muslim,1/partFree,23.1,0,0,2,46,15,2,3,0,1.28,38,0,8.774964387392123,12,43.1,6.86,1,4
Mauritania,49,-11.62479930798491,64458913.6407564,,6.378526691763805,14.07120079761305,3.58604838368407,.6332271194228,47.4229917763898,10.9160002410617,6,67,20.32,386621,104.09,20.801,20850,2.81895547123998,39.99784887940567,53.03794628264189,1908.346208560557,5.931442088595532,16.1766720544854,1660,72.90972900390631,1.89546000957489,20.2614379084967,72.90000000000001,,,,,,,20831.71354712998,45.75370746465857,45.8839988708496,84901,2.7412802727648,.291008929085353,.0000704412794771,139.6664893,,0,none,.0012180269,0,.3,2/France,89,1,.021506948,0,0,0,0,0,3,3,8,6,87.61,0,0,0,0,45,64,0,1129,7.0290875,0,0,-.7,38.8010203838348,35,,1,2.3,51.38,0,8,7,766,821,1.865,1,1,99.09999999999999,3,25002,minCons,0,0,18.1,0,-999,81.94,3,-2,2,4.289,4649660,2,8,2/Muslim,0/notFree,24.7,1,0,1,30.4,16,2,2,,.036,41,0,3.3166247903554,,54.5,4.14,2,10
Mauritius,53,3.361961369656567,318511666.223381,61.32905728237553,.4200362942116062,,2.55086341534477,100,14.4578273223582,16.4239204853078,4.5,22.2,126.94,1726868,151.359,63.9999,3000,.153188085092372,38.51553234994893,53.65899664290144,12228.39581926034,3.014762911228175,.0020558294207908,12900,98.51373291015631,4.71934986114502,20,16,.96,,.2,36.8,10.3,13.62,50791.1077564103,62.7227902948294,58.3129997253418,20,.0322400432027594,38.68914482134981,.0000557998275298,112.2022415,,0,none,.0043613706,0,25.3,1/Britain,12,14,1.1008306,1,.078630753,.00031152647,0,0,0,0,0,7,47.68,0,0,0,0,50,52,0,10564,9.2652073,0,0,.9,42.8672343492508,64,,0,.4,13.68,0,0,7,61,3210,25.331,0,0,16.7,0,0,modCons,14,1,22.6,0,-999,-999,0,10,0,622.962,1271767,4,3,0/neither,2/free,13.7,1,0,0,,0,0,0,,4.35,63,2,2.645751311064591,26.9,40.8,.74,1,3
Morocco,50,1.336471803067447,6735496282.75754,54.64919142663551,.7009392464671473,9.185957122933944,3.15452691832883,100,32.5935414574286,24.610004637043,9,45.8,5056.77,9380951,127.953,74.3763,245800,3.09449241316458,39.10925406325738,48.03234969639584,3863.959902124889,2.481905124483006,1.58696444067816,3190,97.1357269287109,,20.5063291139241,21.4,.04,38.7501508458858,,,,,25438.71698649804,30.60921866772166,45.3059997558594,6642,1.22105092988365,22.01675709420999,.0000667216230965,128.2889279,,1,none,.0020766836,0,.1,2/France,97,54,.1462996,2,.0054185037,.000076914199,0,0,2,0,4,2,40.26,0,0,0,0,33,42,0,3069,8.0291071,0,0,-.2,42.9053366184235,75,,0,.2,19.08,0,3,7,70,26003,7.308,0,1,99.90000000000001,1,-257096,minCons,9,0,12.4,0,0,-999,1,-4,1,80.08,36910558,3,-999,2/Muslim,1/partFree,19.6,1,0,1,,7,1,1,0,.69,70,0,3.16227766016838,14.7,63,.5600000000000001,-999,18
Mozambique,137,14.26135841394371,299567589.191752,,12.50686616389328,16.41888792804608,17.3105745223817,7.99328809374314,21.2986954591341,4.10223430885018,17,36.1,139.25,587364,47.7158,10,11200,.8951816268602499,41.01132225217229,75.53582895314082,435.1149185677517,2.28359720301215,15.7634015411652,490,54.7286911010742,5.49984979629517,41.2,74.2,8.94,,,,,,3048.111366341635,97.81786078935289,78.0970001220703,4713,2.90713743750143,5.539972557010684,.000079802774931,102.2973728,,1,none,.22361504,1,56.7,3/neither,361,553,1.7692922,2,.0063988869,.00080873433,0,0,3,2,5,7,64.22,1,0,3,0,53,117,0,426,6.0544395,66.666664,9133.333,-.9,29.8636168241501,60,,1,2.8,56.37,0,6,7,289,2473,.838,0,0,18,6,-25000,neither,30,1,18.4,0,-999,57.03,0,5,0,37.728,31255435,3,39,1/Africa,1/partFree,30.1,0,0,2,50.4,11,2,2,1,2.3,46,0,8.774964387392123,14.4,36.5,5.9,2,3
Namibia,57,-.3286278038919127,60700614.7135818,21.09735202410048,1.150503488066059,,3.26071850470963,35.5208634629373,25.3587653984573,11.1824060090184,54,20.7,156.31,212578,113.165,51,15900,3.02832946632461,35.81001687692678,47.6655441789266,4815.948227593189,-1.134096127362056,4.65623116526477,5060,94.0862197875977,,42.7083333333333,42.4,5.34,,13.8,59.1,17.4,11.02,32180.82595786101,88.56484117846679,59.5340003967285,3182,1.87248088130699,9.862204341692353,.0001022841636302,131.3645267,,1,none,.00390625,1,97.5,3/neither,486,4,.15742354,0,0,0,0,0,1,0,2,6,74.79000000000001,1,0,3,0,45,137,0,5227,8.5615931,25,1425,.1,46.1430639028549,59,,0,3.7,31.16,0,3,6,195,1024,4.182,0,0,.3,4,-24030,minCons,4,0,21.3,0,0,86.73,0,6,1,3.078,2540916,2,27,1/Africa,2/free,30.4,1,0,0,,5,1,2,,5.43,62,0,1.732050807568877,17.9,51,6.97,2,3
Niger,137,4.59086805413967,320411764.8,,8.923772301635005,7.845107324947112,6.94981928727214,11.6982026139574,94.0538176774282,1.63357480305802,10,47.2,55.18,14713,40.6385,5.25049,10300,1.83998401549656,11.01565150589247,26.77826537356818,754.8219541480976,5.902791789790982,6.05794455250652,600,62.2621383666992,3.54720997810364,16.9590643274854,80.40000000000001,.09,9.60482372979151,,,40.8,,3404.902218323807,72.40979581787973,72.0419998168945,179997,3.79366815330185,6.35238523782937,.0000268981062249,169.2077515,,0,war,1.0888889,0,.8,2/France,84,980,4.0484767,66,.27265251,.07333333,0,0,4,3,10,6,139.6,0,0,0,0,51,55,0,378,5.9348941,71.428574,9785.7148,-.8,33.4261268377304,39,,1,-2.5,47.89,0,9,7,509,900,.433,0,1,98.40000000000001,7,20001,neither,0,0,20,0,-999,48.43,3,5,1,16.955,24206636,3,6,2/Muslim,1/partFree,26.2,0,0,2,45.4,19,3,3,,.67,37,0,8.774964387392123,8.6,16.5,4.63,4,6
Nigeria,59,.7362051070425688,23809281401.0144,9.80129384233952,.8714198219618696,7.09381362850324,5.67956070545213,30.9508458743352,71.79817437533259,4.30191345199514,7.2,34.8,5602.28,6539048.35309011,88.1842,42,223000,.460792414766158,14.22092679124426,19.80295104046654,6154.488794964811,2.208429277158203,11.4838700752278,2030,,,3.38028169014084,117.2,.78,26.6546207082104,39.1,35.1,40.1,,18755.83312078522,82.71620155153208,52.9070014953613,54157,2.5648418857943,2.993694676487629,.000026284898526,168.4183097,,1,war,.0010866212,0,49.3,1/Britain,219,81,.039293762,1,.00048510818,.000013415076,1,20,3,3,9,7,158.6,0,0,3,0,29,54,1,1968,7.5847731,0,0,-1,14.1832575201988,51,,1,11.4,75.74,0,9,7,917,74543,3.806,0,0,48.8,4,-300000,prod,16,0,22.5,0,0,53.96,2,7,1,209.588,206139587,3,2,1/Africa,1/partFree,21.4,1,2,3,26.3,18,2,2,2,10.84,42,0,1,4.8,51.2,2.43,2,2
Rwanda,51,4.057775252578874,260527799,31.04201593288271,12.020207579835,7.367473207318687,4.88485541750085,23.4186460018924,43.2102171630293,5.3249445515496,4,33.2,169.52,1561562.21422701,76.4915,21.7676,35000,1.18602780884773,21.8191635936645,36.12801512836173,585.6620177231417,9.428675223880248,4.02261764808882,830,97.40032958984381,3.07375001907349,61.25,34.3,.76,,56.5,43.7,38.2,2.54,4465.380958596772,100.6849715635486,83.6549987792969,145054,2.60765264493972,25.84928706341125,.000037365693588,192.1257982,,1,twenty,.0066747572,1,93.40000000000001,3/neither,57,11,.084927596,0,0,0,0,0,4,2,8,6,59.06,1,0,0,1,45,122,1,748,6.617403,25,1275,.2,34.3314200639725,71,,1,3.4,27.34,0,7,6,248,1648,1.34,1,0,1.8,4,-44998,neither,6,0,18.2,0,-999,93.09999999999999,2,-3,2,494.869,12952209,3,23,1/Africa,0/notFree,29.7,1,0,2,65.90000000000001,15,2,1,0,8.949999999999999,57,0,3,13.3,17.3,4.98,0,17
STAP,97,6.708257311408057,11114429.3726563,,10.75361206550123,11.59896836512312,4.66317406649038,55.7417019497151,28.5395843568146,20.6102276193538,7,37,.73,41933,77.07810000000001,29.9312,,,,,2152.111901758821,1.301623446195265,1.90415209833025,1930,84.34609222412109,5.14906978607178,14.5454545454545,29.8,,,35.6,56.3,66.7,,13705.34472502325,55.69584497054477,57.7890014648438,,1.89076332349799,73.19355970951806,.0000384581034172,109.7934013,,,,15.818182,1,82.2,3/neither,114,174,79.393684,3,1.3688567,.27272728,0,0,,,,,81.86,,,,,70,92,,1921,7.5606012,0,0,-.6,45.6029891967773,32,,1,7.9,24.21,,,,130,11,.531,,0,.1,0,-8401,,0,0,18.5,,,,,,,212.841,219161,2,,0/neither,2/free,27.5,1,,,,,,,,5.88,55,,6.082762530298219,5.4,73.59999999999999,13.9,,
Senegal,55,4.170560050010826,2522205664.88,,4.380772520946422,14.32776128375268,4.97676680174836,44.2169762859984,40.6958258953758,5.76488109583841,6,44.8,388.32,284534.117434767,109.721,46,18600,1.45006301698535,22.79262606008314,37.71377639608668,2979.285936768943,5.271192357583558,2.58982339291009,1460,61.2020111083984,4.83328008651733,41.8181818181818,45.3,.14,21.4557650598373,,,,,13919.94945273525,60.93820699809987,45.6839981079102,14467,2.74974740844133,10.18879993435003,.0000522434306911,111.8707518,,-999,twenty,.074108817,0,3.6,2/France,117,79,.47181278,0,0,0,1,1,3,1,5,7,74.3,0,0,0,0,33,63,0,1332,7.194437,20,1100,-.3,20.978632569313,54,,1,1.8,33.55,1,5,6,315,1066,.691,0,1,96.40000000000001,5,-100001,minCons,7,0,18.1,0,0,26.57,0,7,1,82.328,16743930,3,5,2/Muslim,2/free,23.4,1,0,1,47.4,10,2,2,1,.76,45,0,2.23606797749979,9.1,47.7,5.59,2,5
Seychelles,69,13.83586399299936,23648219.3078321,66.72234445659656,1.147674551837754,,2.64140299488298,100,20.1786493605547,51.4264061062091,32,30.1,9.529999999999999,414088,198.152,58.7698,420,1.33229195732995,80.32045941969163,91.93907734534975,,5.312514161256289,.0943515560800697,16900,98.8000030517578,4.42102003097534,21.2121212121212,14.2,,,,,,,,,,,.887925293341637,36.40423070761616,.0000989205398925,85.63748863000001,,,,.049261082,1,94,1/Britain,16,10,10.168802,0,0,0,0,0,,,,,56.42,,,,,45,137,,15692,9.6609058,0,0,.5,73.04444313049321,53,,0,1.8,12.5,,,,53,203,21.212,,0,1.1,0,-1000,,0,0,21.2,,,,,,,208.354,98340,3,,0/neither,1/partFree,15.9,1,,,,,,,,20.5,71,,3,21.1,57.1,.19,,
SierraLeone,66,8.921003303244261,62085873.75,,13.31843606000056,7.656687513664859,6.99664375139719,6.43151543397726,21.6259466795766,,8,30.7,40.72,,86.1336,9,8500,.734967689713532,15.98977826648111,37.52802675187596,1372.799060861891,5.507686457845324,7.88018419208946,540,83.2102737426758,7.70228004455566,12.3287671232877,109.2,.92,13.3495032576927,43,35.7,56.8,2.75,5238.804934957519,97.98252605243502,57.8959999084473,441,2.10907525200416,5.162511931914419,.0000524779171741,57.27583215,,0,twenty,.012121212,0,20.9,1/Britain,295,2,.025072129,0,0,0,1,14124,4,3,6,7,148,0,0,3,0,62,85,0,494,6.2025356,100,6600,.5,13.7371480464935,40,,1,14.8,83.34999999999999,0,7,7,1120,165,.251,0,1,78,2,-21000,neither,2,0,30.5,0,-999,58.66,0,7,1,104.7,7976985,3,5,1/Africa,1/partFree,,1,0,1,,13,2,2,0,5.7,39,0,2.449489742783178,19.8,42.4,9.15,0,10
Somalia,137,,,,,.0542342990654206,,14.6366178165838,32.0345842282344,,70,,9.74,34065.5568461863,48.7964,2.00405,19800,,22.66873739289332,111.3208526529756,,,,,,,24.3636363636364,117,.04,,,,,,,29.55440698326424,47.3979988098145,17882,2.85560211622181,,,98.65087474000001,,-999,war,8.3462782,0,.1,1/Britain,258,2579,16.227047,87,.54740328,.28155339,0,0,3,3,10,2,152,0,0,0,1,47,71,-999,104,4.6443911,66.666664,9133.333,-2.2,,,,1,3.5,75.90000000000001,0,10,1,829,309,.23,0,1,99.8,3,-200002,neither,24,1,21.8,0,-999,-999,1,5,1,23.5,15893219,2,5,2/Muslim,0/notFree,27.1,0,3,3,,20,3,3,-999,.009,25,0,8.774964387392123,,45.5,2.85,,5
S_Africa,56,1.315903850424576,890059293.728208,300.5823301003486,.2565016635406662,14.8267493880895,8.69932535042479,89.59881918884859,25.1022049863671,9.59251754781593,40,29.2,13008.74,25650178,165.6,56.1674,89650,.976948136071628,29.85383927701986,29.35069678236508,11077.14637159442,.1525833166642343,5.16894762824666,6040,90.34449768066411,6.50505018234253,46.3476070528967,34.5,6.9,,,,,,43678.20585325559,79.06102117333575,56.0169982910156,89285,1.33861739063304,8.893575452420896,.0000562143450729,146.4963701,,1,twenty,.010791227,1,81.2,1/Britain,615,557,.93915409,0,0,0,0,0,1,0,3,7,61.06,0,0,3,0,36,57,0,6151,8.72437,16.666666,933.33331,.3,53.6510050296783,70,,0,4.1,27.83,0,5,7,119,51616,9.054,0,0,1.7,6,727026,minCons,152,0,26.2,0,-999,-999,1,9,2,46.754,59308690,3,19,1/Africa,2/free,25.9,1,0,2,77.90000000000001,8,1,1,2,9.52,69,1,2,31.4,66,2.59,2,8
S_Sudan,79,.0012502291294692,80440000,,15.91619944364516,,1.08609817039803,23.6534385621059,45.5775055664158,1.40783884669842,13,31.4,9.08,,33.463,7.97743,185000,3.36234159652322,36.65134928047074,28.89999990402955,393.1615880387993,-10.79336462711432,11.2455973797813,1090,,1.54390001296997,28.4595300261097,96.2,2.53,,,,82.3,,,96.10743090191529,72.38600158691411,298309,.782224434404954,.3877760076521132,,,,,war,.021164021,1,60.5,1/Britain,227,4,.035734292,0,0,0,0,0,3,3,11,6,109.2,1,0,0,0,67,106,,452,6.1136823,50,3950,-2.4,8.44199508428574,34,,1,187.9,62.37,0,11,2,1150,189,,1,0,6.2,6,-870998,prod,0,0,19.8,0,0,92.99,3,0,3,18.32,11193729,,7,1/Africa,0/notFree,29.9,1,2,3,,22,3,2,,,31,0,4.358898943540674,,19.9,9.91,,7
Sudan,79,3.428431207682359,425214336,,2.971257678213615,4.922198802003373,3.95680675257557,47.0575068360152,55.3708344433937,3.36573919574596,34.5,45.4,397.77,530001,77.112,30.8703,124300,1.64795723277984,7.672523392037873,8.996003871486588,4464.620434524462,-2.503537272629473,22.0949293784341,590,61.6876411437988,,30.5164319248826,58.4,.13,,,,,,16245.35631307464,42.67489954095196,48.4389991760254,1055489,2.39143403307158,20.87792437291272,.0000431678403239,192.3030008,,-999,war,.0029954133,0,5.4,1/Britain,67,32,.072977275,5,.011402698,.00046803334,0,0,3,3,10,6,105,0,0,0,0,44,45,-999,2967,7.9953065,57.142857,4514.2856,-1.6,18.0079370737076,57,,1,51,42.02,0,11,6,295,10683,2.618,1,1,90.7,7,-250001,neither,0,0,26,0,-999,94.05,3,-4,3,23.258,43849269,3,28,2/Muslim,0/notFree,25.7,1,2,3,,21,2,2,0,.51,44,0,4.358898943540674,,34.9,2.71,-999,28
Tanzania,137,1.760765467822283,434802383.487863,,4.364413630101397,14.70677542428146,8.344200905080291,18.8368397736512,29.0766405124356,2.54923983142994,29.5,43.8,602.71,1498093,82.20820000000001,25,28000,1.31692688467923,15.14027774185473,17.09866326422203,673.228787872966,5.791371376320711,4.68377863170441,1080,68.0088195800781,3.69643998146057,36.8956743002545,50.3,2.57,25.3788782155225,49.4,40.5,26.4,2.72,5624.150789517904,91.10009935736568,83.41200256347661,242171,2.95168167328042,29.36531473399896,.0000228833030999,159.7337056,,1,none,.68598384,1,61.4,1/Britain,237,509,.852108,21,.035155732,.028301887,0,0,3,1,6,7,75.05,0,0,3,0,47,59,1,933,6.8384051,75,10275,-.8,43.2494908571243,51,,1,3.5,37,0,4,6,524,742,.14,0,0,35.2,8,-200381,neither,0,0,17.9,0,-999,58.46,1,3,1,64.699,59734213,3,40,1/Africa,1/partFree,29.2,0,0,1,52.9,10,2,1,0,11.27,,0,8.774964387392123,13.3,34.5,4.24,3,2
Togo,63,2.428165927897148,458478354.636,,5.50576370504437,6.843382218164326,14.3393266663001,22.3537520362544,35.7313356081261,5.45218652601144,2.5,48.2,86.06,640683.272,77.19499999999999,12.3602,9550,3.1246316767528,30.06151744693735,41.59308706666322,1060.775678784372,5.338669812283484,11.167490757732,690,87.4238662719727,5.36956977844238,16.4835164835165,66.90000000000001,.9,78.1182636822948,51.1,43.1,55.1,2.64,3560.145312391707,96.63145246430636,77.5920028686523,11964,2.42033520841497,15.42242799938748,.0000596327423029,117.9703261,,1,none,.055646483,0,43.7,2/France,37,34,.41069067,1,.012079137,.0016366612,0,0,4,0,8,7,114.9,0,0,0,0,37,58,0,613,6.418365,66.666664,4200,-1.1,17.6572009921074,39,,1,.7,46.99,0,5,7,396,611,.774,0,0,14,3,-9999,neither,2,1,23.6,,-999,58.77,2,-2,3,143.366,8278737,2,5,1/Africa,1/partFree,29.2,1,0,0,,13,2,2,2,2.46,43,1,1.732050807568877,7.6,42.2,2.96,3,12
Tunisia,50,2.088254200200341,2049663194.48389,21.91741236944969,2.096689332057102,15.74075356426122,3.77539424242924,99.5779906525663,37.6559937453942,22.0755586165375,9,60.7,5564.86,4335325,126.305,66.7,47800,2.55607321358028,49.2984320787035,60.07896701655759,10279.56151216207,1.043045338127669,3.28641971139101,3370,95.0537796020508,6.59601020812988,22.5806451612903,16.9,.09,,.2,32.8,15.2,11.17,36645.69368217822,34.24452477506728,46.1240005493164,1732,1.11364374282179,11.94736521253014,.0000940492662831,119.2295608,,0,none,.0019473543,0,.2,2/France,35,29,.24537556,0,0,0,0,0,1,0,2,7,57.39,0,0,2,0,33,51,0,3474,8.1530619,0,0,-.1,57.1216464042664,71,,0,6.7,14.61,0,2,7,43,14892,13.025,0,1,99.5,2,-20000,minCons,10,0,16.1,0,-999,39.46,1,7,0,74.22799999999999,11818618,3,-999,2/Muslim,1/partFree,22.8,1,0,1,,4,0,1,1,2.12,70,0,3.16227766016838,26,69.2,.29,2,3
Uganda,60,3.600230726026225,1424508662.67091,,6.066952314682584,4.852936751036578,9.64011748367126,38.0184583082306,50.4943213226178,2.57555387286036,24,33.7,673.0700000000001,19822.5,57.2726,23.7065,46000,2.05010632904299,17.19809294790035,22.36779454552087,935.6791862693243,6.803326813282354,7.46753159680173,780,52.671760559082,2.13052010536194,34.8583877995643,45.8,2.61,,41.5,42.8,21.4,3.2,5922.248673689151,90.63460079824763,70.3369979858398,1359458,3.55574052888872,18.53562292949375,.000031252526456,111.1282533,,1,twenty,.0043365136,1,86.7,1/Britain,200,30,.065586671,0,0,0,1,18,4,1,9,7,73.89,0,0,0,0,52,137,1,646,6.4707994,40,2400,-.6,15.6988218426704,66,,1,2.9,34.6,0,5,6,375,6918,1.68,1,0,11.5,5,843469,neither,3,0,21.9,0,0,60.75,2,-1,2,213.759,45741000,3,32,1/Africa,1/partFree,29,1,1,1,49.9,14,2,1,,15.09,45,0,0,9.800000000000001,24.4,5.54,4,32
Zambia,76,2.350807482853361,98259100,,3.828864547082202,31.26626585275726,7.34362541470335,10.9680004414348,27.438034758712,3.28643344145632,8.5,15.6,213.07,17505.6896363636,96.4144,14.3,16100,1.21103908630006,34.63616121205263,34.15488152731412,575.860371977264,1.441784548422191,19.1116707201319,1430,,4.61809015274048,17.9640718562874,61.7,6.03,,58.7,57.1,54.4,2.87,9454.902155457174,88.99034593453183,74.6149978637695,57518,2.89237292696711,7.432928574888285,.0000612275350559,174.7347222,,0,none,.0021854208,1,97.59999999999999,1/Britain,333,45,.24477865,2,.010879051,.000097129814,0,0,3,2,5,7,63.39,0,0,0,0,49,64,0,1513,7.3218498,62.5,4750,-.6,38.6330097913742,60,,1,9.199999999999999,43.36,0,7,7,213,20591,11.867,0,0,.5,8,-40000,neither,0,0,17.9,0,-999,50.35,0,6,2,22.995,18383956,2,6,1/Africa,1/partFree,,1,0,2,,12,2,1,,6.54,53,0,4,14.7,44,11.34,3,2
Zimbabwe,60,1.305923930266871,1729883840,,3.495055595045735,,15.8038970473848,19.9977496469528,22.2516710932407,3.75388979122588,27,31.6,359.33,,90.1023,27.0555,51000,.698600973197018,19.00060919577746,31.00475224533613,413.6159660467502,-8.100000198860926,5.74518717988444,1390,,5.87134981155396,31.8518518518519,54.6,4.87,,33.9,44.3,38.3,3.92,6207.658752167043,87.76646042818848,83.0989990234375,8956,1.41968104561509,,.0000362347250509,110.2108839,,1,none,.0023132849,1,87,1/Britain,199,7,.04709705,1,.00672815,.00033046928,0,0,4,2,9,7,66.67,1,0,0,0,51,54,1,1091,6.9948502,25,1500,-1.2,51.6157925128937,50,,1,.9,39.27,0,8,6,458,3026,2.096,0,0,.9,4,-584288,neither,0,0,19.3,0,0,61.88,3,4,3,42.729,14862927,3,36,1/Africa,0/notFree,34.7,1,0,2,85.2,17,2,1,0,4.67,54,0,0,13.9,32.2,7.8,1,30
